frame_idx,event_type,player_id,angle,position,timestamp
233,direction_change,2,45.00000000000001,"(1622, 681)",10.916876430205951
236,direction_change,2,45.00000000000001,"(1619, 679)",11.057437070938215
248,direction_change,2,90.0,"(1610, 679)",11.619679633867278
249,direction_change,2,90.0,"(1609, 679)",11.666533180778032
250,direction_change,2,90.0,"(1609, 678)",11.713386727688787
251,direction_change,2,45.00000000000001,"(1608, 677)",11.760240274599543
252,direction_change,2,45.00000000000001,"(1607, 677)",11.807093821510298
254,direction_change,2,90.0,"(1606, 676)",11.900800915331809
255,direction_change,2,45.00000000000001,"(1605, 675)",11.947654462242564
259,direction_change,2,45.00000000000001,"(1602, 673)",12.135068649885584
262,direction_change,2,90.0,"(1601, 672)",12.27562929061785
265,direction_change,2,45.00000000000001,"(1599, 671)",12.416189931350115
266,direction_change,2,90.0,"(1599, 670)",12.46304347826087
267,direction_change,2,90.0,"(1598, 670)",12.509897025171625
269,direction_change,2,90.0,"(1597, 669)",12.603604118993136
270,direction_change,2,90.0,"(1596, 669)",12.650457665903891
274,direction_change,2,45.00000000000001,"(1595, 667)",12.837871853546911
279,direction_change,2,90.0,"(1593, 666)",13.072139588100688
295,direction_change,2,33.690067525979785,"(1590, 664)",13.821796338672769
296,direction_change,2,33.690067525979785,"(1589, 664)",13.868649885583524
297,direction_change,2,45.00000000000001,"(1588, 663)",13.91550343249428
306,direction_change,2,90.0,"(1586, 662)",14.337185354691076
307,direction_change,2,90.0,"(1586, 661)",14.384038901601832
317,direction_change,2,90.0,"(1586, 661)",14.852574370709384
332,direction_change,2,90.0,"(1589, 664)",15.555377574370711
345,direction_change,2,90.0,"(1592, 663)",16.164473684210527
346,direction_change,2,90.0,"(1592, 664)",16.21132723112128
354,direction_change,2,90.0,"(1594, 661)",16.586155606407324
355,direction_change,2,90.0,"(1595, 661)",16.633009153318078
356,direction_change,2,90.0,"(1595, 660)",16.679862700228835
357,direction_change,2,90.0,"(1596, 660)",16.72671624713959
360,direction_change,2,45.00000000000001,"(1597, 658)",16.867276887871853
367,direction_change,2,45.00000000000001,"(1600, 654)",17.195251716247142
368,direction_change,2,90.0,"(1601, 654)",17.242105263157896
369,direction_change,2,45.00000000000001,"(1602, 653)",17.28895881006865
370,direction_change,2,45.00000000000001,"(1602, 652)",17.335812356979407
371,direction_change,2,90.0,"(1603, 652)",17.38266590389016
372,direction_change,2,45.00000000000001,"(1604, 651)",17.429519450800917
384,direction_change,2,90.0,"(1610, 649)",17.99176201372998
387,direction_change,2,45.00000000000001,"(1612, 648)",18.132322654462243
396,direction_change,2,45.00000000000001,"(1619, 646)",18.55400457665904
397,direction_change,2,45.00000000000001,"(1620, 646)",18.600858123569797
402,direction_change,2,90.0,"(1624, 644)",18.835125858123572
403,direction_change,2,90.0,"(1625, 644)",18.881979405034325
414,direction_change,2,45.00000000000001,"(1632, 640)",19.397368421052633
415,direction_change,2,90.0,"(1632, 639)",19.444221967963387
416,direction_change,2,45.00000000000001,"(1633, 638)",19.491075514874144
420,direction_change,2,45.00000000000001,"(1635, 635)",19.678489702517165
421,direction_change,2,90.0,"(1636, 635)",19.72534324942792
422,direction_change,2,45.00000000000001,"(1637, 634)",19.772196796338672
423,direction_change,2,45.00000000000001,"(1637, 633)",19.81905034324943
424,direction_change,2,45.00000000000001,"(1638, 632)",19.865903890160183
426,direction_change,2,45.00000000000001,"(1639, 630)",19.959610983981694
428,direction_change,2,45.00000000000001,"(1640, 628)",20.053318077803205
429,direction_change,2,45.00000000000001,"(1640, 627)",20.10017162471396
430,direction_change,2,45.00000000000001,"(1641, 626)",20.147025171624716
440,direction_change,2,45.00000000000001,"(1641, 619)",20.615560640732266
441,direction_change,2,45.00000000000001,"(1641, 618)",20.662414187643023
447,direction_change,2,45.00000000000001,"(1642, 613)",20.94353546910755
448,direction_change,2,45.00000000000001,"(1642, 612)",20.99038901601831
455,direction_change,2,45.00000000000001,"(1641, 608)",21.318363844393595
459,direction_change,2,45.00000000000001,"(1642, 605)",21.505778032036613
460,direction_change,2,45.00000000000001,"(1642, 604)",21.55263157894737
461,direction_change,2,45.00000000000001,"(1643, 603)",21.599485125858124
464,direction_change,2,45.00000000000001,"(1644, 601)",21.74004576659039
466,direction_change,2,45.00000000000001,"(1645, 599)",21.833752860411902
467,direction_change,2,45.00000000000001,"(1645, 598)",21.880606407322656
470,direction_change,2,45.00000000000001,"(1646, 596)",22.02116704805492
476,direction_change,2,90.0,"(1647, 593)",22.302288329519453
477,direction_change,2,90.0,"(1647, 592)",22.349141876430206
480,direction_change,2,45.00000000000001,"(1648, 590)",22.489702517162474
481,direction_change,2,90.0,"(1649, 590)",22.536556064073228
482,direction_change,2,90.0,"(1649, 589)",22.58340961098398
487,direction_change,2,45.00000000000001,"(1651, 586)",22.81767734553776
494,direction_change,2,45.00000000000001,"(1654, 582)",23.145652173913046
495,direction_change,2,90.0,"(1655, 582)",23.1925057208238
502,direction_change,2,90.0,"(1652, 581)",23.520480549199085
503,direction_change,2,90.0,"(1651, 581)",23.567334096109843
511,direction_change,2,45.00000000000001,"(1652, 584)",23.942162471395882
521,direction_change,2,45.00000000000001,"(1649, 590)",24.410697940503432
531,direction_change,2,45.00000000000001,"(1647, 597)",24.879233409610986
532,direction_change,2,90.0,"(1646, 597)",24.92608695652174
533,direction_change,2,90.0,"(1646, 598)",24.972940503432497
546,direction_change,2,90.0,"(1646, 604)",25.58203661327231
547,direction_change,2,90.0,"(1646, 605)",25.62889016018307
550,direction_change,2,45.00000000000001,"(1645, 608)",25.769450800915333
551,direction_change,2,45.00000000000001,"(1645, 609)",25.816304347826087
552,direction_change,2,45.00000000000001,"(1644, 610)",25.863157894736844
553,direction_change,2,45.00000000000001,"(1644, 611)",25.910011441647598
558,direction_change,2,45.00000000000001,"(1643, 615)",26.144279176201376
559,direction_change,2,45.00000000000001,"(1643, 616)",26.19113272311213
561,direction_change,2,45.00000000000001,"(1642, 618)",26.28483981693364
569,direction_change,2,45.00000000000001,"(1641, 623)",26.65966819221968
571,direction_change,2,90.0,"(1640, 624)",26.75337528604119
572,direction_change,2,90.0,"(1640, 625)",26.800228832951948
577,direction_change,2,45.00000000000001,"(1639, 629)",27.034496567505723
580,direction_change,2,45.00000000000001,"(1637, 630)",27.175057208237988
581,direction_change,2,90.0,"(1637, 631)",27.221910755148745
583,direction_change,2,45.00000000000001,"(1636, 633)",27.315617848970252
586,direction_change,2,45.00000000000001,"(1635, 635)",27.45617848970252
587,direction_change,2,45.00000000000001,"(1634, 636)",27.503032036613273
592,direction_change,2,45.00000000000001,"(1631, 638)",27.73729977116705
593,direction_change,2,45.00000000000001,"(1630, 638)",27.784153318077806
594,direction_change,2,90.0,"(1630, 639)",27.83100686498856
595,direction_change,2,90.0,"(1629, 639)",27.877860411899317
596,direction_change,2,90.0,"(1629, 640)",27.92471395881007
597,direction_change,2,90.0,"(1628, 640)",27.971567505720824
598,direction_change,2,90.0,"(1628, 641)",28.01842105263158
599,direction_change,2,90.0,"(1627, 641)",28.065274599542334
602,direction_change,2,90.0,"(1626, 642)",28.205835240274602
603,direction_change,2,90.0,"(1625, 642)",28.252688787185356
611,direction_change,2,90.0,"(1626, 641)",28.6275171624714
634,direction_change,2,90.0,"(1625, 642)",29.705148741418768
642,direction_change,2,90.0,"(1626, 641)",30.079977116704807
651,direction_change,2,90.0,"(1624, 645)",30.501659038901604
658,direction_change,2,135.0,"(1624, 646)",30.82963386727689
687,direction_change,2,90.0,"(1626, 644)",32.18838672768879
702,direction_change,2,90.0,"(1626, 643)",32.89118993135012
710,direction_change,2,90.0,"(1625, 642)",33.266018306636155
724,direction_change,2,90.0,"(1623, 645)",33.92196796338673
727,direction_change,2,90.0,"(1622, 646)",34.062528604118995
728,direction_change,2,90.0,"(1621, 646)",34.10938215102975
729,direction_change,2,45.00000000000001,"(1620, 645)",34.1562356979405
732,direction_change,2,90.0,"(1619, 644)",34.29679633867277
740,direction_change,2,90.0,"(1620, 645)",34.67162471395881
767,direction_change,2,90.0,"(1624, 645)",35.9366704805492
829,direction_change,2,90.0,"(1625, 642)",38.84159038901602
830,direction_change,2,45.00000000000001,"(1626, 641)",38.88844393592677
833,direction_change,2,45.00000000000001,"(1627, 639)",39.02900457665904
834,direction_change,2,90.0,"(1628, 639)",39.075858123569795
835,direction_change,2,90.0,"(1628, 638)",39.12271167048055
836,direction_change,2,90.0,"(1629, 638)",39.16956521739131
837,direction_change,2,90.0,"(1629, 637)",39.21641876430206
838,direction_change,2,90.0,"(1630, 637)",39.263272311212816
840,direction_change,2,90.0,"(1631, 636)",39.35697940503433
841,direction_change,2,90.0,"(1632, 636)",39.403832951945084
843,direction_change,2,90.0,"(1633, 635)",39.49754004576659
844,direction_change,2,90.0,"(1634, 635)",39.544393592677345
845,direction_change,2,45.00000000000001,"(1635, 634)",39.591247139588106
855,direction_change,2,45.00000000000001,"(1640, 628)",40.059782608695656
856,direction_change,2,45.00000000000001,"(1641, 627)",40.10663615560641
857,direction_change,2,45.00000000000001,"(1641, 626)",40.15348970251716
860,direction_change,2,90.0,"(1642, 625)",40.29405034324943
871,direction_change,2,45.00000000000001,"(1641, 618)",40.809439359267735
872,direction_change,2,135.0,"(1642, 618)",40.85629290617849
873,direction_change,2,90.0,"(1642, 617)",40.90314645308925
874,direction_change,2,45.00000000000001,"(1643, 616)",40.95
875,direction_change,2,45.00000000000001,"(1643, 615)",40.99685354691076
878,direction_change,2,90.0,"(1644, 614)",41.137414187643024
879,direction_change,2,90.0,"(1644, 613)",41.18426773455378
884,direction_change,2,45.00000000000001,"(1645, 608)",41.41853546910755
885,direction_change,2,45.00000000000001,"(1645, 607)",41.46538901601831
891,direction_change,2,45.00000000000001,"(1646, 603)",41.74651029748284
892,direction_change,2,45.00000000000001,"(1646, 602)",41.793363844393596
898,direction_change,2,45.00000000000001,"(1645, 597)",42.074485125858125
899,direction_change,2,45.00000000000001,"(1645, 596)",42.12133867276888
906,direction_change,2,45.00000000000001,"(1648, 592)",42.44931350114417
907,direction_change,2,45.00000000000001,"(1648, 591)",42.49616704805492
910,direction_change,2,45.00000000000001,"(1649, 589)",42.63672768878719
912,direction_change,2,90.0,"(1650, 588)",42.7304347826087
913,direction_change,2,90.0,"(1650, 587)",42.77728832951945
914,direction_change,2,45.00000000000001,"(1651, 586)",42.82414187643021
915,direction_change,2,45.00000000000001,"(1651, 585)",42.870995423340965
916,direction_change,2,90.0,"(1652, 585)",42.91784897025172
917,direction_change,2,90.0,"(1652, 584)",42.96470251716247
918,direction_change,2,45.00000000000001,"(1653, 583)",43.011556064073226
921,direction_change,2,45.00000000000001,"(1654, 581)",43.15211670480549
922,direction_change,2,45.00000000000001,"(1655, 580)",43.19897025171625
923,direction_change,2,45.00000000000001,"(1655, 579)",43.24582379862701
925,direction_change,2,45.00000000000001,"(1656, 577)",43.339530892448515
928,direction_change,2,45.00000000000001,"(1657, 575)",43.48009153318078
935,direction_change,2,45.00000000000001,"(1660, 571)",43.808066361556065
936,direction_change,2,45.00000000000001,"(1660, 570)",43.85491990846682
937,direction_change,2,90.0,"(1661, 570)",43.90177345537758
938,direction_change,2,90.0,"(1661, 569)",43.94862700228833
939,direction_change,2,45.00000000000001,"(1662, 568)",43.99548054919909
942,direction_change,2,45.00000000000001,"(1663, 566)",44.136041189931355
943,direction_change,2,45.00000000000001,"(1663, 565)",44.18289473684211
944,direction_change,2,90.0,"(1664, 565)",44.22974828375286
945,direction_change,2,90.0,"(1664, 564)",44.276601830663616
946,direction_change,2,45.00000000000001,"(1665, 563)",44.323455377574376
947,direction_change,2,45.00000000000001,"(1665, 562)",44.37030892448513
948,direction_change,2,90.0,"(1666, 562)",44.41716247139588
949,direction_change,2,45.00000000000001,"(1667, 561)",44.46401601830664
950,direction_change,2,45.00000000000001,"(1667, 560)",44.51086956521739
952,direction_change,2,45.00000000000001,"(1668, 558)",44.604576659038905
954,direction_change,2,45.00000000000001,"(1669, 556)",44.69828375286041
955,direction_change,2,90.0,"(1670, 556)",44.74513729977117
958,direction_change,2,45.00000000000001,"(1671, 554)",44.885697940503434
959,direction_change,2,45.00000000000001,"(1671, 553)",44.93255148741419
962,direction_change,2,45.00000000000001,"(1672, 551)",45.073112128146455
963,direction_change,2,90.0,"(1673, 551)",45.11996567505721
964,direction_change,2,90.0,"(1673, 550)",45.16681922196796
967,direction_change,2,45.00000000000001,"(1674, 548)",45.30737986270023
968,direction_change,2,45.00000000000001,"(1675, 547)",45.354233409610984
969,direction_change,2,45.00000000000001,"(1675, 546)",45.401086956521745
970,direction_change,2,90.0,"(1676, 546)",45.4479405034325
971,direction_change,2,90.0,"(1676, 545)",45.49479405034325
973,direction_change,2,90.0,"(1677, 544)",45.58850114416476
974,direction_change,2,90.0,"(1677, 543)",45.63535469107552
975,direction_change,2,45.00000000000001,"(1678, 542)",45.68220823798627
978,direction_change,2,45.00000000000001,"(1679, 540)",45.82276887871854
981,direction_change,2,45.00000000000001,"(1680, 538)",45.9633295194508
982,direction_change,2,90.0,"(1681, 538)",46.010183066361556
983,direction_change,2,90.0,"(1681, 537)",46.05703661327232
986,direction_change,2,45.00000000000001,"(1682, 535)",46.19759725400458
989,direction_change,2,45.00000000000001,"(1683, 533)",46.338157894736845
990,direction_change,2,90.0,"(1684, 533)",46.3850114416476
991,direction_change,2,90.0,"(1684, 532)",46.43186498855835
994,direction_change,2,45.00000000000001,"(1685, 530)",46.57242562929062
995,direction_change,2,45.00000000000001,"(1685, 529)",46.619279176201374
996,direction_change,2,90.0,"(1686, 529)",46.66613272311213
997,direction_change,2,90.0,"(1686, 528)",46.71298627002289
1010,direction_change,2,90.0,"(1685, 528)",47.3220823798627
1011,direction_change,2,90.0,"(1685, 527)",47.36893592677346
1022,direction_change,2,135.0,"(1686, 525)",47.884324942791764
1025,direction_change,2,45.00000000000001,"(1688, 526)",48.02488558352403
1026,direction_change,2,90.0,"(1688, 527)",48.071739130434786
1029,direction_change,2,45.00000000000001,"(1690, 526)",48.212299771167054
1030,direction_change,2,90.0,"(1690, 525)",48.25915331807781
1031,direction_change,2,45.00000000000001,"(1691, 524)",48.30600686498856
1036,direction_change,2,45.00000000000001,"(1690, 520)",48.540274599542336
1037,direction_change,2,45.00000000000001,"(1690, 519)",48.58712814645309
1038,direction_change,2,45.00000000000001,"(1689, 518)",48.63398169336385
1039,direction_change,2,45.00000000000001,"(1689, 517)",48.680835240274604
1044,direction_change,2,45.00000000000001,"(1688, 514)",48.91510297482838
1045,direction_change,2,45.00000000000001,"(1688, 513)",48.96195652173913
1051,direction_change,2,90.0,"(1687, 507)",49.24307780320366
1052,direction_change,2,90.0,"(1687, 506)",49.28993135011442
1056,direction_change,2,45.00000000000001,"(1686, 503)",49.47734553775744
1057,direction_change,2,45.00000000000001,"(1686, 502)",49.5241990846682
1064,direction_change,2,90.0,"(1686, 497)",49.85217391304348
1065,direction_change,2,45.00000000000001,"(1686, 496)",49.89902745995423
1066,direction_change,2,45.00000000000001,"(1685, 495)",49.945881006864994
1067,direction_change,2,45.00000000000001,"(1685, 494)",49.99273455377575
1074,direction_change,2,90.0,"(1684, 489)",50.32070938215103
1075,direction_change,2,90.0,"(1684, 488)",50.36756292906179
1081,direction_change,2,90.0,"(1685, 483)",50.64868421052632
1082,direction_change,2,90.0,"(1685, 482)",50.69553775743707
1086,direction_change,2,45.00000000000001,"(1684, 479)",50.882951945080094
1087,direction_change,2,45.00000000000001,"(1683, 478)",50.92980549199085
1089,direction_change,2,45.00000000000001,"(1683, 477)",51.02351258581236
1094,direction_change,2,45.00000000000001,"(1682, 471)",51.25778032036614
1095,direction_change,2,45.00000000000001,"(1682, 470)",51.30463386727689
1096,direction_change,2,90.0,"(1681, 470)",51.351487414187645
1111,direction_change,2,45.00000000000001,"(1681, 460)",52.05429061784897
1112,direction_change,2,45.00000000000001,"(1681, 459)",52.10114416475973
1113,direction_change,2,45.00000000000001,"(1680, 458)",52.147997711670484
1114,direction_change,2,45.00000000000001,"(1680, 457)",52.19485125858124
1120,direction_change,2,45.00000000000001,"(1682, 453)",52.47597254004577
1128,direction_change,2,45.00000000000001,"(1686, 448)",52.85080091533181
1129,direction_change,2,45.00000000000001,"(1687, 447)",52.89765446224256
1136,direction_change,2,45.00000000000001,"(1691, 444)",53.22562929061785
1137,direction_change,2,90.0,"(1691, 443)",53.27248283752861
1138,direction_change,2,45.00000000000001,"(1692, 442)",53.31933638443936
1141,direction_change,2,45.00000000000001,"(1693, 440)",53.45989702517163
1142,direction_change,2,90.0,"(1694, 440)",53.50675057208238
1143,direction_change,2,90.0,"(1694, 439)",53.553604118993135
1144,direction_change,2,45.00000000000001,"(1695, 438)",53.600457665903896
1145,direction_change,2,45.00000000000001,"(1696, 438)",53.64731121281465
1146,direction_change,2,90.0,"(1696, 437)",53.6941647597254
1147,direction_change,2,45.00000000000001,"(1697, 436)",53.74101830663616
1167,direction_change,2,45.00000000000001,"(1706, 425)",54.678089244851265
1168,direction_change,2,45.00000000000001,"(1707, 424)",54.72494279176202
1170,direction_change,2,45.00000000000001,"(1708, 422)",54.818649885583525
1171,direction_change,2,45.00000000000001,"(1709, 421)",54.86550343249428
1174,direction_change,2,90.0,"(1710, 420)",55.00606407322655
1175,direction_change,2,90.0,"(1711, 420)",55.0529176201373
1176,direction_change,2,90.0,"(1711, 419)",55.09977116704806
1178,direction_change,2,90.0,"(1712, 418)",55.19347826086957
1179,direction_change,2,45.00000000000001,"(1713, 417)",55.24033180778032
1182,direction_change,2,45.00000000000001,"(1715, 416)",55.38089244851259
1183,direction_change,2,90.0,"(1715, 415)",55.427745995423344
1184,direction_change,2,45.00000000000001,"(1716, 414)",55.4745995423341
1192,direction_change,2,45.00000000000001,"(1721, 408)",55.84942791762014
1193,direction_change,2,90.0,"(1722, 408)",55.896281464530894
1194,direction_change,2,90.0,"(1722, 407)",55.94313501144165
1195,direction_change,2,45.00000000000001,"(1723, 406)",55.98998855835241
1198,direction_change,2,45.00000000000001,"(1724, 404)",56.13054919908467
1199,direction_change,2,90.0,"(1725, 404)",56.17740274599543
1200,direction_change,2,90.0,"(1725, 403)",56.22425629290618
1203,direction_change,2,90.0,"(1726, 402)",56.364816933638444
1204,direction_change,2,45.00000000000001,"(1727, 401)",56.411670480549205
1205,direction_change,2,45.00000000000001,"(1727, 400)",56.45852402745996
1206,direction_change,2,90.0,"(1728, 400)",56.50537757437071
1207,direction_change,2,90.0,"(1728, 399)",56.552231121281466
1208,direction_change,2,90.0,"(1729, 399)",56.599084668192226
1209,direction_change,2,90.0,"(1729, 398)",56.64593821510298
1210,direction_change,2,45.00000000000001,"(1730, 397)",56.692791762013734
1211,direction_change,2,45.00000000000001,"(1730, 396)",56.73964530892449
1212,direction_change,2,90.0,"(1731, 396)",56.78649885583524
1213,direction_change,2,90.0,"(1731, 395)",56.833352402746
1214,direction_change,2,45.00000000000001,"(1732, 394)",56.880205949656755
1217,direction_change,2,45.00000000000001,"(1733, 392)",57.020766590389016
1220,direction_change,2,45.00000000000001,"(1734, 390)",57.161327231121284
1221,direction_change,2,45.00000000000001,"(1735, 389)",57.20818077803204
1227,direction_change,2,45.00000000000001,"(1734, 384)",57.48930205949657
1228,direction_change,2,45.00000000000001,"(1734, 383)",57.53615560640733
1229,direction_change,2,45.00000000000001,"(1733, 382)",57.58300915331808
1233,direction_change,2,45.00000000000001,"(1732, 380)",57.7704233409611
1234,direction_change,2,45.00000000000001,"(1731, 379)",57.817276887871856
1237,direction_change,2,45.00000000000001,"(1730, 377)",57.957837528604124
1244,direction_change,2,45.00000000000001,"(1729, 373)",58.285812356979406
1245,direction_change,2,45.00000000000001,"(1728, 372)",58.33266590389017
1246,direction_change,2,45.00000000000001,"(1728, 371)",58.37951945080092
1248,direction_change,2,45.00000000000001,"(1727, 369)",58.47322654462243
1251,direction_change,2,45.00000000000001,"(1726, 367)",58.613787185354695
1252,direction_change,2,45.00000000000001,"(1726, 366)",58.66064073226545
1254,direction_change,2,45.00000000000001,"(1725, 364)",58.75434782608696
1255,direction_change,2,45.00000000000001,"(1725, 363)",58.80120137299772
1256,direction_change,2,45.00000000000001,"(1724, 362)",58.84805491990847
1259,direction_change,2,45.00000000000001,"(1723, 360)",58.98861556064074
1262,direction_change,2,45.00000000000001,"(1722, 358)",59.129176201373
1265,direction_change,2,45.00000000000001,"(1721, 355)",59.26973684210527
1266,direction_change,2,45.00000000000001,"(1721, 354)",59.31659038901602
1273,direction_change,2,45.00000000000001,"(1719, 348)",59.64456521739131
1274,direction_change,2,45.00000000000001,"(1718, 347)",59.691418764302064
1275,direction_change,2,45.00000000000001,"(1718, 346)",59.73827231121282
1279,direction_change,2,45.00000000000001,"(1717, 343)",59.92568649885584
1282,direction_change,2,45.00000000000001,"(1716, 341)",60.06624713958811
1283,direction_change,2,45.00000000000001,"(1716, 340)",60.11310068649886
1285,direction_change,2,45.00000000000001,"(1715, 338)",60.20680778032037
1291,direction_change,2,45.00000000000001,"(1714, 334)",60.487929061784904
1292,direction_change,2,45.00000000000001,"(1714, 333)",60.53478260869566
1293,direction_change,2,45.00000000000001,"(1713, 332)",60.58163615560641
1294,direction_change,2,45.00000000000001,"(1713, 331)",60.628489702517165
1295,direction_change,2,45.00000000000001,"(1712, 330)",60.67534324942792
1296,direction_change,2,45.00000000000001,"(1712, 328)",60.72219679633868
1304,direction_change,2,45.00000000000001,"(1710, 322)",61.097025171624715
1305,direction_change,2,45.00000000000001,"(1710, 321)",61.143878718535476
1311,direction_change,2,45.00000000000001,"(1708, 317)",61.425000000000004
1314,direction_change,2,45.00000000000001,"(1707, 314)",61.56556064073227
1322,direction_change,2,45.00000000000001,"(1706, 309)",61.94038901601831
1330,direction_change,2,45.00000000000001,"(1705, 302)",62.31521739130435
1331,direction_change,2,45.00000000000001,"(1705, 301)",62.362070938215105
1334,direction_change,2,90.0,"(1704, 298)",62.50263157894737
1335,direction_change,2,90.0,"(1704, 297)",62.549485125858126
1339,direction_change,2,45.00000000000001,"(1703, 295)",62.73689931350115
1343,direction_change,2,45.00000000000001,"(1702, 292)",62.92431350114417
1344,direction_change,2,90.0,"(1701, 292)",62.97116704805492
1347,direction_change,2,45.00000000000001,"(1700, 290)",63.11172768878719
1357,direction_change,2,90.0,"(1696, 285)",63.58026315789474
1360,direction_change,2,45.00000000000001,"(1695, 283)",63.72082379862701
1361,direction_change,2,90.0,"(1694, 283)",63.76767734553776
1364,direction_change,2,45.00000000000001,"(1692, 282)",63.908237986270024
1365,direction_change,2,45.00000000000001,"(1691, 282)",63.955091533180784
1368,direction_change,2,45.00000000000001,"(1689, 281)",64.09565217391305
1372,direction_change,2,45.00000000000001,"(1686, 280)",64.28306636155607
1375,direction_change,2,45.00000000000001,"(1683, 279)",64.42362700228833
1384,direction_change,2,45.00000000000001,"(1677, 280)",64.84530892448512
1395,direction_change,2,45.00000000000001,"(1669, 280)",65.36069794050344
1396,direction_change,2,45.00000000000001,"(1668, 280)",65.4075514874142
1397,direction_change,2,45.00000000000001,"(1667, 281)",65.45440503432495
1398,direction_change,2,45.00000000000001,"(1666, 281)",65.5012585812357
1400,direction_change,2,90.0,"(1665, 282)",65.59496567505721
1404,direction_change,2,45.00000000000001,"(1662, 283)",65.78237986270024
1409,direction_change,2,45.00000000000001,"(1659, 284)",66.016647597254
1413,direction_change,2,45.00000000000001,"(1656, 285)",66.20406178489704
1414,direction_change,2,45.00000000000001,"(1656, 286)",66.25091533180779
1415,direction_change,2,90.0,"(1655, 286)",66.29776887871854
1417,direction_change,2,90.0,"(1654, 287)",66.39147597254005
1424,direction_change,2,90.0,"(1651, 288)",66.71945080091534
1425,direction_change,2,90.0,"(1650, 288)",66.7663043478261
1438,direction_change,2,90.0,"(1648, 290)",67.3754004576659
1452,direction_change,2,90.0,"(1644, 291)",68.03135011441648
1475,direction_change,2,90.0,"(1645, 290)",69.10898169336384
1483,direction_change,2,45.00000000000001,"(1640, 291)",69.48381006864989
1485,direction_change,2,45.00000000000001,"(1638, 292)",69.5775171624714
1486,direction_change,2,45.00000000000001,"(1637, 292)",69.62437070938215
1492,direction_change,2,45.00000000000001,"(1633, 293)",69.90549199084668
1493,direction_change,2,45.00000000000001,"(1632, 293)",69.95234553775744
1500,direction_change,2,45.00000000000001,"(1626, 294)",70.28032036613273
1501,direction_change,2,45.00000000000001,"(1625, 294)",70.32717391304348
1506,direction_change,2,90.0,"(1622, 295)",70.56144164759726
1507,direction_change,2,90.0,"(1621, 295)",70.60829519450802
1512,direction_change,2,45.00000000000001,"(1618, 296)",70.84256292906178
1518,direction_change,2,90.0,"(1617, 297)",71.12368421052632
1529,direction_change,2,45.00000000000001,"(1608, 299)",71.63907322654462
1534,direction_change,2,45.00000000000001,"(1606, 299)",71.8733409610984
236,direction_change,3,45.00000000000001,"(1572, 725)",11.057437070938215
237,direction_change,3,45.00000000000001,"(1573, 725)",11.10429061784897
238,direction_change,3,90.0,"(1573, 724)",11.151144164759726
239,direction_change,3,45.00000000000001,"(1574, 723)",11.197997711670482
240,direction_change,3,45.00000000000001,"(1574, 722)",11.244851258581237
241,direction_change,3,45.00000000000001,"(1575, 721)",11.29170480549199
242,direction_change,3,45.00000000000001,"(1575, 720)",11.338558352402746
246,direction_change,3,90.0,"(1576, 718)",11.525972540045768
247,direction_change,3,45.00000000000001,"(1577, 717)",11.572826086956523
252,direction_change,3,90.0,"(1579, 715)",11.807093821510298
253,direction_change,3,90.0,"(1579, 714)",11.853947368421053
254,direction_change,3,90.0,"(1580, 714)",11.900800915331809
255,direction_change,3,45.00000000000001,"(1581, 713)",11.947654462242564
257,direction_change,3,45.00000000000001,"(1582, 711)",12.041361556064073
258,direction_change,3,90.0,"(1583, 711)",12.088215102974829
259,direction_change,3,90.0,"(1583, 710)",12.135068649885584
262,direction_change,3,45.00000000000001,"(1584, 708)",12.27562929061785
263,direction_change,3,90.0,"(1585, 708)",12.322482837528606
264,direction_change,3,90.0,"(1585, 707)",12.36933638443936
271,direction_change,3,45.00000000000001,"(1588, 703)",12.697311212814647
272,direction_change,3,90.0,"(1589, 703)",12.7441647597254
273,direction_change,3,90.0,"(1589, 702)",12.791018306636156
274,direction_change,3,90.0,"(1590, 702)",12.837871853546911
275,direction_change,3,90.0,"(1590, 701)",12.884725400457667
278,direction_change,3,45.00000000000001,"(1591, 699)",13.025286041189933
283,direction_change,3,45.00000000000001,"(1592, 695)",13.259553775743708
286,direction_change,3,45.00000000000001,"(1593, 693)",13.400114416475974
287,direction_change,3,45.00000000000001,"(1594, 692)",13.446967963386728
288,direction_change,3,45.00000000000001,"(1594, 691)",13.493821510297483
294,direction_change,3,45.00000000000001,"(1595, 687)",13.774942791762015
295,direction_change,3,45.00000000000001,"(1595, 686)",13.821796338672769
296,direction_change,3,45.00000000000001,"(1596, 685)",13.868649885583524
297,direction_change,3,45.00000000000001,"(1596, 684)",13.91550343249428
299,direction_change,3,45.00000000000001,"(1597, 682)",14.00921052631579
302,direction_change,3,90.0,"(1598, 681)",14.149771167048057
303,direction_change,3,90.0,"(1598, 680)",14.19662471395881
304,direction_change,3,45.00000000000001,"(1599, 679)",14.243478260869566
305,direction_change,3,45.00000000000001,"(1599, 678)",14.290331807780321
308,direction_change,3,45.00000000000001,"(1600, 676)",14.430892448512587
309,direction_change,3,45.00000000000001,"(1601, 675)",14.477745995423343
312,direction_change,3,45.00000000000001,"(1602, 673)",14.618306636155607
313,direction_change,3,45.00000000000001,"(1602, 672)",14.665160183066362
314,direction_change,3,45.00000000000001,"(1603, 671)",14.712013729977118
315,direction_change,3,45.00000000000001,"(1603, 670)",14.758867276887873
319,direction_change,3,45.00000000000001,"(1604, 667)",14.946281464530893
322,direction_change,3,45.00000000000001,"(1605, 665)",15.086842105263159
323,direction_change,3,90.0,"(1606, 665)",15.133695652173914
324,direction_change,3,90.0,"(1606, 664)",15.18054919908467
326,direction_change,3,45.00000000000001,"(1607, 662)",15.274256292906179
327,direction_change,3,45.00000000000001,"(1607, 661)",15.321109839816934
328,direction_change,3,45.00000000000001,"(1608, 660)",15.36796338672769
331,direction_change,3,90.0,"(1609, 659)",15.508524027459956
334,direction_change,3,90.0,"(1610, 658)",15.64908466819222
335,direction_change,3,90.0,"(1611, 658)",15.695938215102975
336,direction_change,3,90.0,"(1611, 657)",15.74279176201373
337,direction_change,3,90.0,"(1612, 657)",15.789645308924486
338,direction_change,3,45.00000000000001,"(1613, 656)",15.836498855835242
345,direction_change,3,45.00000000000001,"(1617, 653)",16.164473684210527
346,direction_change,3,90.0,"(1617, 652)",16.21132723112128
349,direction_change,3,45.00000000000001,"(1619, 651)",16.35188787185355
350,direction_change,3,45.00000000000001,"(1620, 650)",16.398741418764303
363,direction_change,3,90.0,"(1626, 644)",17.00783752860412
364,direction_change,3,90.0,"(1626, 643)",17.054691075514874
365,direction_change,3,90.0,"(1627, 643)",17.10154462242563
368,direction_change,3,45.00000000000001,"(1629, 642)",17.242105263157896
369,direction_change,3,90.0,"(1629, 641)",17.28895881006865
371,direction_change,3,90.0,"(1630, 640)",17.38266590389016
373,direction_change,3,90.0,"(1631, 639)",17.47637299771167
374,direction_change,3,90.0,"(1632, 639)",17.52322654462243
375,direction_change,3,90.0,"(1632, 638)",17.570080091533182
376,direction_change,3,90.0,"(1633, 638)",17.616933638443935
377,direction_change,3,90.0,"(1633, 637)",17.663787185354693
378,direction_change,3,45.00000000000001,"(1634, 636)",17.710640732265446
381,direction_change,3,45.00000000000001,"(1636, 635)",17.851201372997714
384,direction_change,3,90.0,"(1637, 634)",17.99176201372998
385,direction_change,3,90.0,"(1638, 634)",18.038615560640732
394,direction_change,3,45.00000000000001,"(1643, 630)",18.46029748283753
395,direction_change,3,45.00000000000001,"(1644, 630)",18.507151029748286
397,direction_change,3,90.0,"(1645, 629)",18.600858123569797
398,direction_change,3,45.00000000000001,"(1646, 628)",18.64771167048055
399,direction_change,3,45.00000000000001,"(1647, 628)",18.694565217391304
400,direction_change,3,45.00000000000001,"(1648, 627)",18.74141876430206
403,direction_change,3,90.0,"(1649, 626)",18.881979405034325
404,direction_change,3,90.0,"(1650, 626)",18.928832951945083
405,direction_change,3,90.0,"(1650, 625)",18.975686498855836
414,direction_change,3,90.0,"(1654, 625)",19.397368421052633
415,direction_change,3,90.0,"(1655, 625)",19.444221967963387
416,direction_change,3,45.00000000000001,"(1656, 626)",19.491075514874144
419,direction_change,3,45.00000000000001,"(1658, 627)",19.631636155606408
420,direction_change,3,45.00000000000001,"(1659, 628)",19.678489702517165
421,direction_change,3,45.00000000000001,"(1660, 628)",19.72534324942792
428,direction_change,3,45.00000000000001,"(1668, 627)",20.053318077803205
431,direction_change,3,45.00000000000001,"(1669, 625)",20.19387871853547
438,direction_change,3,90.0,"(1672, 622)",20.521853546910755
439,direction_change,3,45.00000000000001,"(1673, 621)",20.568707093821512
440,direction_change,3,45.00000000000001,"(1674, 621)",20.615560640732266
441,direction_change,3,90.0,"(1674, 620)",20.662414187643023
442,direction_change,3,45.00000000000001,"(1675, 619)",20.709267734553777
443,direction_change,3,45.00000000000001,"(1676, 619)",20.756121281464534
444,direction_change,3,90.0,"(1676, 618)",20.802974828375287
453,direction_change,3,90.0,"(1680, 614)",21.224656750572084
454,direction_change,3,90.0,"(1680, 613)",21.271510297482838
455,direction_change,3,90.0,"(1681, 613)",21.318363844393595
456,direction_change,3,90.0,"(1681, 612)",21.36521739130435
457,direction_change,3,90.0,"(1682, 612)",21.412070938215106
458,direction_change,3,90.0,"(1682, 611)",21.45892448512586
459,direction_change,3,45.00000000000001,"(1683, 610)",21.505778032036613
462,direction_change,3,45.00000000000001,"(1685, 609)",21.64633867276888
463,direction_change,3,90.0,"(1685, 608)",21.693192219679634
465,direction_change,3,90.0,"(1686, 607)",21.786899313501145
467,direction_change,3,90.0,"(1687, 606)",21.880606407322656
468,direction_change,3,45.00000000000001,"(1688, 605)",21.92745995423341
469,direction_change,3,45.00000000000001,"(1689, 605)",21.974313501144167
470,direction_change,3,90.0,"(1689, 604)",22.02116704805492
471,direction_change,3,45.00000000000001,"(1690, 603)",22.068020594965677
474,direction_change,3,90.0,"(1691, 602)",22.20858123569794
475,direction_change,3,90.0,"(1692, 602)",22.255434782608695
476,direction_change,3,90.0,"(1692, 601)",22.302288329519453
479,direction_change,3,45.00000000000001,"(1693, 599)",22.442848970251717
480,direction_change,3,90.0,"(1694, 599)",22.489702517162474
485,direction_change,3,45.00000000000001,"(1697, 597)",22.72397025171625
490,direction_change,3,90.0,"(1699, 595)",22.958237986270024
491,direction_change,3,90.0,"(1699, 594)",23.005091533180778
492,direction_change,3,90.0,"(1700, 594)",23.051945080091535
493,direction_change,3,45.00000000000001,"(1701, 593)",23.09879862700229
494,direction_change,3,45.00000000000001,"(1701, 592)",23.145652173913046
495,direction_change,3,90.0,"(1702, 592)",23.1925057208238
496,direction_change,3,90.0,"(1702, 591)",23.239359267734557
497,direction_change,3,90.0,"(1703, 591)",23.28621281464531
498,direction_change,3,90.0,"(1703, 590)",23.333066361556064
499,direction_change,3,45.00000000000001,"(1704, 589)",23.37991990846682
502,direction_change,3,45.00000000000001,"(1705, 587)",23.520480549199085
505,direction_change,3,90.0,"(1706, 586)",23.66104118993135
506,direction_change,3,90.0,"(1707, 586)",23.707894736842107
511,direction_change,3,45.00000000000001,"(1708, 583)",23.942162471395882
514,direction_change,3,45.00000000000001,"(1709, 581)",24.082723112128146
518,direction_change,3,45.00000000000001,"(1710, 579)",24.270137299771168
519,direction_change,3,45.00000000000001,"(1710, 578)",24.316990846681925
527,direction_change,3,45.00000000000001,"(1709, 572)",24.691819221967965
534,direction_change,3,45.00000000000001,"(1708, 568)",25.01979405034325
541,direction_change,3,45.00000000000001,"(1709, 563)",25.347768878718536
542,direction_change,3,90.0,"(1708, 562)",25.394622425629294
543,direction_change,3,45.00000000000001,"(1708, 561)",25.441475972540047
544,direction_change,3,45.00000000000001,"(1707, 560)",25.4883295194508
551,direction_change,3,90.0,"(1708, 556)",25.816304347826087
552,direction_change,3,90.0,"(1708, 555)",25.863157894736844
553,direction_change,3,45.00000000000001,"(1709, 554)",25.910011441647598
556,direction_change,3,45.00000000000001,"(1710, 552)",26.050572082379865
557,direction_change,3,45.00000000000001,"(1710, 551)",26.09742562929062
560,direction_change,3,45.00000000000001,"(1711, 549)",26.237986270022883
567,direction_change,3,45.00000000000001,"(1712, 544)",26.56596109839817
568,direction_change,3,45.00000000000001,"(1712, 543)",26.612814645308926
574,direction_change,3,45.00000000000001,"(1711, 539)",26.893935926773455
582,direction_change,3,90.0,"(1712, 535)",27.2687643020595
583,direction_change,3,90.0,"(1712, 534)",27.315617848970252
592,direction_change,3,45.00000000000001,"(1716, 530)",27.73729977116705
593,direction_change,3,90.0,"(1716, 529)",27.784153318077806
594,direction_change,3,90.0,"(1717, 529)",27.83100686498856
595,direction_change,3,90.0,"(1717, 528)",27.877860411899317
596,direction_change,3,90.0,"(1718, 528)",27.92471395881007
603,direction_change,3,180.0,"(1718, 527)",28.252688787185356
606,direction_change,3,90.0,"(1719, 528)",28.39324942791762
607,direction_change,3,90.0,"(1720, 528)",28.440102974828378
622,direction_change,3,90.0,"(1721, 527)",29.142906178489703
623,direction_change,3,90.0,"(1721, 528)",29.18975972540046
624,direction_change,3,90.0,"(1720, 528)",29.236613272311214
626,direction_change,3,90.0,"(1719, 527)",29.330320366132725
629,direction_change,3,90.0,"(1720, 526)",29.47088100686499
630,direction_change,3,90.0,"(1720, 525)",29.517734553775746
631,direction_change,3,90.0,"(1721, 525)",29.5645881006865
638,direction_change,3,90.0,"(1721, 521)",29.892562929061786
639,direction_change,3,90.0,"(1721, 520)",29.939416475972543
640,direction_change,3,90.0,"(1720, 520)",29.986270022883296
641,direction_change,3,90.0,"(1720, 519)",30.033123569794054
642,direction_change,3,90.0,"(1719, 519)",30.079977116704807
643,direction_change,3,90.0,"(1719, 518)",30.12683066361556
644,direction_change,3,90.0,"(1718, 518)",30.173684210526318
645,direction_change,3,90.0,"(1718, 517)",30.22053775743707
650,direction_change,3,90.0,"(1716, 515)",30.45480549199085
656,direction_change,3,90.0,"(1713, 512)",30.73592677345538
657,direction_change,3,90.0,"(1713, 511)",30.782780320366136
660,direction_change,3,45.00000000000001,"(1712, 509)",30.9233409610984
661,direction_change,3,45.00000000000001,"(1712, 508)",30.970194508009154
663,direction_change,3,90.0,"(1711, 507)",31.063901601830665
667,direction_change,3,90.0,"(1710, 505)",31.251315789473686
668,direction_change,3,90.0,"(1710, 504)",31.29816933638444
675,direction_change,3,90.0,"(1711, 500)",31.626144164759726
676,direction_change,3,45.00000000000001,"(1712, 499)",31.672997711670483
677,direction_change,3,45.00000000000001,"(1713, 499)",31.719851258581237
678,direction_change,3,45.00000000000001,"(1714, 498)",31.766704805491994
679,direction_change,3,45.00000000000001,"(1714, 497)",31.813558352402747
683,direction_change,3,90.0,"(1715, 495)",32.000972540045765
684,direction_change,3,90.0,"(1715, 494)",32.047826086956526
685,direction_change,3,90.0,"(1716, 494)",32.09467963386728
686,direction_change,3,90.0,"(1716, 493)",32.14153318077803
689,direction_change,3,45.00000000000001,"(1717, 491)",32.2820938215103
697,direction_change,3,90.0,"(1719, 488)",32.65692219679634
700,direction_change,3,90.0,"(1720, 487)",32.797482837528605
701,direction_change,3,90.0,"(1721, 487)",32.84433638443936
726,direction_change,3,90.0,"(1718, 488)",34.01567505720824
733,direction_change,3,90.0,"(1716, 491)",34.343649885583524
737,direction_change,3,90.0,"(1715, 493)",34.531064073226545
738,direction_change,3,90.0,"(1715, 494)",34.5779176201373
741,direction_change,3,90.0,"(1714, 495)",34.71847826086957
746,direction_change,3,90.0,"(1713, 497)",34.95274599542334
749,direction_change,3,90.0,"(1712, 498)",35.09330663615561
760,direction_change,3,90.0,"(1707, 496)",35.608695652173914
761,direction_change,3,90.0,"(1706, 496)",35.65554919908467
764,direction_change,3,45.00000000000001,"(1704, 495)",35.796109839816936
773,direction_change,3,90.0,"(1702, 491)",36.21779176201373
774,direction_change,3,90.0,"(1702, 490)",36.264645308924486
775,direction_change,3,90.0,"(1703, 490)",36.31149885583524
783,direction_change,3,90.0,"(1703, 486)",36.68632723112128
784,direction_change,3,90.0,"(1703, 485)",36.733180778032036
785,direction_change,3,90.0,"(1702, 485)",36.7800343249428
793,direction_change,3,135.0,"(1703, 485)",37.15486270022883
800,direction_change,3,90.0,"(1702, 483)",37.48283752860412
808,direction_change,3,135.0,"(1705, 483)",37.857665903890165
809,direction_change,3,90.0,"(1706, 483)",37.90451945080092
810,direction_change,3,90.0,"(1706, 482)",37.95137299771167
811,direction_change,3,90.0,"(1707, 482)",37.998226544622426
812,direction_change,3,90.0,"(1707, 481)",38.04508009153318
832,direction_change,3,90.0,"(1709, 475)",38.98215102974829
833,direction_change,3,90.0,"(1709, 474)",39.02900457665904
846,direction_change,3,90.0,"(1709, 469)",39.63810068649886
847,direction_change,3,90.0,"(1709, 468)",39.68495423340961
852,direction_change,3,90.0,"(1711, 467)",39.91922196796339
853,direction_change,3,90.0,"(1711, 466)",39.96607551487414
866,direction_change,3,90.0,"(1715, 461)",40.57517162471396
867,direction_change,3,90.0,"(1715, 460)",40.62202517162471
876,direction_change,3,90.0,"(1717, 457)",41.04370709382151
885,direction_change,3,90.0,"(1719, 454)",41.46538901601831
886,direction_change,3,90.0,"(1719, 453)",41.51224256292907
894,direction_change,3,90.0,"(1721, 450)",41.8870709382151
928,direction_change,3,90.0,"(1724, 441)",43.48009153318078
946,direction_change,3,90.0,"(1726, 436)",44.323455377574376
949,direction_change,3,90.0,"(1727, 435)",44.46401601830664
952,direction_change,3,90.0,"(1728, 434)",44.604576659038905
955,direction_change,3,45.00000000000001,"(1729, 432)",44.74513729977117
956,direction_change,3,90.0,"(1730, 432)",44.79199084668193
957,direction_change,3,90.0,"(1730, 431)",44.83884439359268
958,direction_change,3,90.0,"(1731, 431)",44.885697940503434
959,direction_change,3,90.0,"(1731, 430)",44.93255148741419
960,direction_change,3,90.0,"(1732, 430)",44.97940503432495
961,direction_change,3,90.0,"(1732, 429)",45.0262585812357
962,direction_change,3,90.0,"(1733, 429)",45.073112128146455
963,direction_change,3,90.0,"(1733, 428)",45.11996567505721
964,direction_change,3,90.0,"(1734, 428)",45.16681922196796
965,direction_change,3,90.0,"(1734, 427)",45.21367276887872
966,direction_change,3,90.0,"(1735, 427)",45.26052631578948
969,direction_change,3,45.00000000000001,"(1737, 426)",45.401086956521745
970,direction_change,3,90.0,"(1737, 425)",45.4479405034325
971,direction_change,3,45.00000000000001,"(1738, 424)",45.49479405034325
974,direction_change,3,90.0,"(1739, 423)",45.63535469107552
975,direction_change,3,90.0,"(1740, 423)",45.68220823798627
976,direction_change,3,90.0,"(1740, 422)",45.72906178489703
977,direction_change,3,90.0,"(1741, 422)",45.77591533180778
978,direction_change,3,45.00000000000001,"(1742, 421)",45.82276887871854
990,direction_change,3,45.00000000000001,"(1747, 415)",46.3850114416476
995,direction_change,3,45.00000000000001,"(1749, 413)",46.619279176201374
998,direction_change,3,45.00000000000001,"(1751, 412)",46.75983981693364
999,direction_change,3,90.0,"(1751, 411)",46.806693363844396
1007,direction_change,3,90.0,"(1752, 407)",47.18152173913044
1008,direction_change,3,90.0,"(1752, 405)",47.22837528604119
1014,direction_change,3,45.00000000000001,"(1751, 400)",47.50949656750572
1018,direction_change,3,45.00000000000001,"(1750, 397)",47.69691075514874
1019,direction_change,3,45.00000000000001,"(1750, 396)",47.743764302059496
1020,direction_change,3,45.00000000000001,"(1749, 395)",47.79061784897026
1028,direction_change,3,45.00000000000001,"(1747, 390)",48.16544622425629
1029,direction_change,3,45.00000000000001,"(1747, 389)",48.212299771167054
1032,direction_change,3,45.00000000000001,"(1746, 387)",48.352860411899314
1037,direction_change,3,90.0,"(1745, 383)",48.58712814645309
1038,direction_change,3,90.0,"(1745, 382)",48.63398169336385
1039,direction_change,3,90.0,"(1744, 382)",48.680835240274604
1040,direction_change,3,90.0,"(1744, 381)",48.72768878718536
1043,direction_change,3,45.00000000000001,"(1743, 379)",48.868249427917625
1049,direction_change,3,45.00000000000001,"(1742, 375)",49.149370709382154
1051,direction_change,3,90.0,"(1741, 374)",49.24307780320366
1052,direction_change,3,90.0,"(1741, 373)",49.28993135011442
1055,direction_change,3,45.00000000000001,"(1740, 371)",49.43049199084668
1062,direction_change,3,90.0,"(1738, 368)",49.75846681922197
1063,direction_change,3,90.0,"(1738, 367)",49.805320366132726
1066,direction_change,3,45.00000000000001,"(1737, 365)",49.945881006864994
1067,direction_change,3,45.00000000000001,"(1737, 364)",49.99273455377575
1072,direction_change,3,45.00000000000001,"(1735, 361)",50.22700228832952
1075,direction_change,3,45.00000000000001,"(1734, 359)",50.36756292906179
1080,direction_change,3,45.00000000000001,"(1733, 356)",50.601830663615566
1083,direction_change,3,90.0,"(1732, 355)",50.74239130434783
1084,direction_change,3,90.0,"(1732, 354)",50.78924485125859
1087,direction_change,3,45.00000000000001,"(1731, 352)",50.92980549199085
1101,direction_change,3,90.0,"(1726, 344)",51.58575514874142
1106,direction_change,3,90.0,"(1724, 342)",51.820022883295195
1107,direction_change,3,90.0,"(1723, 342)",51.866876430205956
1114,direction_change,3,45.00000000000001,"(1721, 338)",52.19485125858124
1115,direction_change,3,45.00000000000001,"(1720, 337)",52.24170480549199
1119,direction_change,3,45.00000000000001,"(1719, 334)",52.42911899313501
1122,direction_change,3,90.0,"(1718, 333)",52.56967963386728
1123,direction_change,3,90.0,"(1718, 332)",52.616533180778035
1127,direction_change,3,45.00000000000001,"(1717, 329)",52.803947368421056
1137,direction_change,3,45.00000000000001,"(1714, 323)",53.27248283752861
1140,direction_change,3,90.0,"(1713, 322)",53.413043478260875
1141,direction_change,3,90.0,"(1713, 321)",53.45989702517163
1143,direction_change,3,90.0,"(1712, 320)",53.553604118993135
1144,direction_change,3,90.0,"(1712, 319)",53.600457665903896
1147,direction_change,3,90.0,"(1711, 317)",53.74101830663616
1148,direction_change,3,90.0,"(1711, 316)",53.78787185354691
1154,direction_change,3,90.0,"(1709, 313)",54.068993135011446
1155,direction_change,3,90.0,"(1709, 312)",54.1158466819222
1157,direction_change,3,90.0,"(1708, 311)",54.20955377574371
1158,direction_change,3,90.0,"(1708, 310)",54.25640732265447
1170,direction_change,3,90.0,"(1705, 304)",54.818649885583525
1171,direction_change,3,90.0,"(1705, 303)",54.86550343249428
1176,direction_change,3,90.0,"(1704, 301)",55.09977116704806
1177,direction_change,3,90.0,"(1704, 300)",55.146624713958815
1181,direction_change,3,45.00000000000001,"(1703, 298)",55.334038901601836
1187,direction_change,3,45.00000000000001,"(1701, 294)",55.615160183066365
1188,direction_change,3,45.00000000000001,"(1701, 293)",55.66201372997712
1191,direction_change,3,45.00000000000001,"(1699, 292)",55.80257437070939
1192,direction_change,3,45.00000000000001,"(1698, 291)",55.84942791762014
1198,direction_change,3,90.0,"(1695, 290)",56.13054919908467
1205,direction_change,3,135.0,"(1695, 287)",56.45852402745996
1206,direction_change,3,90.0,"(1695, 286)",56.50537757437071
1207,direction_change,3,90.0,"(1694, 286)",56.552231121281466
1208,direction_change,3,90.0,"(1694, 285)",56.599084668192226
1219,direction_change,3,90.0,"(1691, 282)",57.11447368421053
1224,direction_change,3,45.00000000000001,"(1688, 281)",57.348741418764305
1226,direction_change,3,45.00000000000001,"(1686, 280)",57.44244851258581
1229,direction_change,3,90.0,"(1685, 279)",57.58300915331808
1230,direction_change,3,90.0,"(1684, 279)",57.629862700228834
1238,direction_change,3,45.00000000000001,"(1679, 280)",58.00469107551488
1245,direction_change,3,90.0,"(1676, 279)",58.33266590389017
1246,direction_change,3,90.0,"(1675, 279)",58.37951945080092
1258,direction_change,3,90.0,"(1671, 277)",58.94176201372998
1259,direction_change,3,90.0,"(1670, 277)",58.98861556064074
241,direction_change,4,90.0,"(1594, 660)",11.29170480549199
242,direction_change,4,90.0,"(1595, 660)",11.338558352402746
249,direction_change,4,45.00000000000001,"(1597, 656)",11.666533180778032
252,direction_change,4,45.00000000000001,"(1598, 654)",11.807093821510298
253,direction_change,4,45.00000000000001,"(1599, 654)",11.853947368421053
259,direction_change,4,45.00000000000001,"(1601, 652)",12.135068649885584
263,direction_change,4,45.00000000000001,"(1605, 650)",12.322482837528606
271,direction_change,4,45.00000000000001,"(1607, 648)",12.697311212814647
281,direction_change,4,90.0,"(1616, 645)",13.165846681922197
282,direction_change,4,90.0,"(1617, 645)",13.212700228832952
289,direction_change,4,90.0,"(1624, 644)",13.540675057208238
290,direction_change,4,90.0,"(1625, 644)",13.587528604118994
296,direction_change,4,45.00000000000001,"(1630, 643)",13.868649885583524
309,direction_change,4,45.00000000000001,"(1639, 635)",14.477745995423343
310,direction_change,4,90.0,"(1639, 633)",14.524599542334096
317,direction_change,4,45.00000000000001,"(1641, 626)",14.852574370709384
318,direction_change,4,45.00000000000001,"(1642, 625)",14.899427917620137
319,direction_change,4,45.00000000000001,"(1642, 624)",14.946281464530893
321,direction_change,4,45.00000000000001,"(1643, 622)",15.039988558352404
322,direction_change,4,45.00000000000001,"(1643, 621)",15.086842105263159
325,direction_change,4,90.0,"(1644, 619)",15.227402745995425
326,direction_change,4,90.0,"(1644, 618)",15.274256292906179
329,direction_change,4,90.0,"(1645, 616)",15.414816933638445
330,direction_change,4,90.0,"(1645, 615)",15.4616704805492
333,direction_change,4,45.00000000000001,"(1646, 613)",15.602231121281465
342,direction_change,4,45.00000000000001,"(1647, 606)",16.023913043478263
348,direction_change,4,90.0,"(1646, 601)",16.305034324942792
349,direction_change,4,90.0,"(1646, 600)",16.35188787185355
356,direction_change,4,45.00000000000001,"(1647, 594)",16.679862700228835
361,direction_change,4,45.00000000000001,"(1648, 591)",16.91413043478261
362,direction_change,4,45.00000000000001,"(1648, 590)",16.960983981693364
367,direction_change,4,45.00000000000001,"(1650, 587)",17.195251716247142
370,direction_change,4,45.00000000000001,"(1651, 585)",17.335812356979407
371,direction_change,4,45.00000000000001,"(1651, 584)",17.38266590389016
372,direction_change,4,90.0,"(1652, 584)",17.429519450800917
373,direction_change,4,90.0,"(1652, 583)",17.47637299771167
375,direction_change,4,90.0,"(1653, 582)",17.570080091533182
376,direction_change,4,45.00000000000001,"(1654, 581)",17.616933638443935
377,direction_change,4,45.00000000000001,"(1654, 580)",17.663787185354693
378,direction_change,4,45.00000000000001,"(1655, 579)",17.710640732265446
385,direction_change,4,45.00000000000001,"(1657, 575)",18.038615560640732
388,direction_change,4,45.00000000000001,"(1658, 573)",18.179176201373
391,direction_change,4,45.00000000000001,"(1659, 571)",18.319736842105264
396,direction_change,4,45.00000000000001,"(1661, 568)",18.55400457665904
397,direction_change,4,45.00000000000001,"(1662, 567)",18.600858123569797
398,direction_change,4,45.00000000000001,"(1662, 566)",18.64771167048055
400,direction_change,4,45.00000000000001,"(1663, 564)",18.74141876430206
403,direction_change,4,45.00000000000001,"(1664, 562)",18.881979405034325
404,direction_change,4,90.0,"(1665, 562)",18.928832951945083
405,direction_change,4,90.0,"(1665, 561)",18.975686498855836
406,direction_change,4,45.00000000000001,"(1666, 560)",19.02254004576659
410,direction_change,4,45.00000000000001,"(1667, 558)",19.20995423340961
411,direction_change,4,45.00000000000001,"(1667, 557)",19.25680778032037
412,direction_change,4,90.0,"(1668, 557)",19.303661327231122
413,direction_change,4,90.0,"(1668, 556)",19.350514874141876
415,direction_change,4,90.0,"(1669, 555)",19.444221967963387
416,direction_change,4,90.0,"(1669, 554)",19.491075514874144
417,direction_change,4,45.00000000000001,"(1670, 553)",19.537929061784897
418,direction_change,4,45.00000000000001,"(1670, 552)",19.584782608695654
420,direction_change,4,90.0,"(1671, 551)",19.678489702517165
421,direction_change,4,90.0,"(1671, 550)",19.72534324942792
422,direction_change,4,45.00000000000001,"(1672, 549)",19.772196796338672
423,direction_change,4,45.00000000000001,"(1672, 548)",19.81905034324943
424,direction_change,4,45.00000000000001,"(1673, 547)",19.865903890160183
426,direction_change,4,45.00000000000001,"(1674, 545)",19.959610983981694
428,direction_change,4,45.00000000000001,"(1675, 543)",20.053318077803205
431,direction_change,4,45.00000000000001,"(1676, 541)",20.19387871853547
432,direction_change,4,90.0,"(1677, 541)",20.240732265446226
433,direction_change,4,45.00000000000001,"(1678, 540)",20.28758581235698
434,direction_change,4,45.00000000000001,"(1678, 539)",20.334439359267737
437,direction_change,4,45.00000000000001,"(1679, 537)",20.475
438,direction_change,4,90.0,"(1680, 537)",20.521853546910755
439,direction_change,4,90.0,"(1680, 536)",20.568707093821512
440,direction_change,4,90.0,"(1681, 536)",20.615560640732266
441,direction_change,4,90.0,"(1681, 535)",20.662414187643023
443,direction_change,4,90.0,"(1682, 534)",20.756121281464534
444,direction_change,4,90.0,"(1682, 533)",20.802974828375287
445,direction_change,4,45.00000000000001,"(1683, 532)",20.84982837528604
450,direction_change,4,90.0,"(1685, 530)",21.08409610983982
451,direction_change,4,90.0,"(1685, 529)",21.130949656750573
459,direction_change,4,90.0,"(1684, 529)",21.505778032036613
470,direction_change,4,45.00000000000001,"(1687, 531)",22.02116704805492
471,direction_change,4,45.00000000000001,"(1688, 532)",22.068020594965677
478,direction_change,4,90.0,"(1690, 529)",22.395995423340963
479,direction_change,4,90.0,"(1690, 528)",22.442848970251717
480,direction_change,4,90.0,"(1691, 528)",22.489702517162474
481,direction_change,4,90.0,"(1691, 527)",22.536556064073228
489,direction_change,4,45.00000000000001,"(1690, 521)",22.91138443935927
490,direction_change,4,90.0,"(1691, 521)",22.958237986270024
491,direction_change,4,90.0,"(1691, 520)",23.005091533180778
492,direction_change,4,90.0,"(1692, 520)",23.051945080091535
493,direction_change,4,45.00000000000001,"(1693, 519)",23.09879862700229
494,direction_change,4,45.00000000000001,"(1694, 519)",23.145652173913046
499,direction_change,4,45.00000000000001,"(1698, 518)",23.37991990846682
506,direction_change,4,45.00000000000001,"(1703, 519)",23.707894736842107
514,direction_change,4,90.0,"(1708, 518)",24.082723112128146
521,direction_change,4,90.0,"(1710, 520)",24.410697940503432
528,direction_change,4,90.0,"(1712, 521)",24.73867276887872
557,direction_change,4,63.43494882292201,"(1718, 532)",26.09742562929062
558,direction_change,4,90.0,"(1718, 531)",26.144279176201376
559,direction_change,4,90.0,"(1719, 531)",26.19113272311213
560,direction_change,4,90.0,"(1719, 530)",26.237986270022883
563,direction_change,4,45.00000000000001,"(1720, 528)",26.37854691075515
566,direction_change,4,45.00000000000001,"(1722, 527)",26.519107551487416
568,direction_change,4,90.0,"(1722, 526)",26.612814645308926
569,direction_change,4,45.00000000000001,"(1723, 525)",26.65966819221968
570,direction_change,4,45.00000000000001,"(1723, 524)",26.706521739130437
620,direction_change,7,45.00000000000001,"(1708, 497)",29.049199084668192
624,direction_change,7,63.43494882292201,"(1704, 493)",29.236613272311214
625,direction_change,7,45.00000000000001,"(1703, 492)",29.28346681922197
626,direction_change,7,45.00000000000001,"(1703, 491)",29.330320366132725
629,direction_change,7,90.0,"(1702, 490)",29.47088100686499
630,direction_change,7,90.0,"(1702, 489)",29.517734553775746
631,direction_change,7,90.0,"(1701, 489)",29.5645881006865
632,direction_change,7,90.0,"(1701, 488)",29.611441647597257
633,direction_change,7,45.00000000000001,"(1700, 487)",29.65829519450801
638,direction_change,7,90.0,"(1699, 485)",29.892562929061786
815,direction_change,8,180.0,"(1691, 478)",38.18564073226545
880,direction_change,8,45.00000000000001,"(1693, 473)",41.23112128146453
882,direction_change,8,45.00000000000001,"(1694, 471)",41.324828375286046
886,direction_change,8,45.00000000000001,"(1695, 469)",41.51224256292907
889,direction_change,8,90.0,"(1696, 467)",41.65280320366133
890,direction_change,8,90.0,"(1696, 466)",41.69965675057208
897,direction_change,8,90.0,"(1695, 463)",42.02763157894737
898,direction_change,8,90.0,"(1695, 462)",42.074485125858125
905,direction_change,8,45.00000000000001,"(1696, 458)",42.402459954233414
908,direction_change,8,45.00000000000001,"(1697, 456)",42.543020594965675
910,direction_change,8,45.00000000000001,"(1698, 454)",42.63672768878719
912,direction_change,8,45.00000000000001,"(1699, 452)",42.7304347826087
913,direction_change,8,45.00000000000001,"(1699, 451)",42.77728832951945
915,direction_change,8,45.00000000000001,"(1700, 449)",42.870995423340965
923,direction_change,8,90.0,"(1699, 444)",43.24582379862701
924,direction_change,8,90.0,"(1699, 443)",43.29267734553776
926,direction_change,8,45.00000000000001,"(1700, 441)",43.38638443935927
927,direction_change,8,45.00000000000001,"(1700, 440)",43.43323798627002
928,direction_change,8,90.0,"(1701, 440)",43.48009153318078
929,direction_change,8,90.0,"(1701, 439)",43.52694508009154
932,direction_change,8,90.0,"(1702, 437)",43.667505720823804
933,direction_change,8,90.0,"(1702, 436)",43.71435926773456
936,direction_change,8,45.00000000000001,"(1703, 434)",43.85491990846682
937,direction_change,8,45.00000000000001,"(1703, 433)",43.90177345537758
938,direction_change,8,90.0,"(1704, 433)",43.94862700228833
939,direction_change,8,90.0,"(1704, 432)",43.99548054919909
940,direction_change,8,90.0,"(1705, 432)",44.04233409610984
941,direction_change,8,90.0,"(1705, 431)",44.089187643020594
943,direction_change,8,90.0,"(1706, 430)",44.18289473684211
944,direction_change,8,45.00000000000001,"(1707, 429)",44.22974828375286
945,direction_change,8,45.00000000000001,"(1707, 428)",44.276601830663616
946,direction_change,8,45.00000000000001,"(1708, 427)",44.323455377574376
949,direction_change,8,45.00000000000001,"(1709, 425)",44.46401601830664
953,direction_change,8,45.00000000000001,"(1711, 422)",44.65143020594966
956,direction_change,8,45.00000000000001,"(1712, 420)",44.79199084668193
957,direction_change,8,90.0,"(1713, 420)",44.83884439359268
958,direction_change,8,45.00000000000001,"(1714, 419)",44.885697940503434
959,direction_change,8,45.00000000000001,"(1714, 418)",44.93255148741419
964,direction_change,8,90.0,"(1716, 416)",45.16681922196796
965,direction_change,8,90.0,"(1716, 415)",45.21367276887872
968,direction_change,8,45.00000000000001,"(1717, 413)",45.354233409610984
969,direction_change,8,45.00000000000001,"(1718, 412)",45.401086956521745
974,direction_change,8,45.00000000000001,"(1720, 409)",45.63535469107552
975,direction_change,8,90.0,"(1721, 409)",45.68220823798627
978,direction_change,8,45.00000000000001,"(1722, 407)",45.82276887871854
983,direction_change,8,90.0,"(1724, 405)",46.05703661327232
984,direction_change,8,90.0,"(1724, 404)",46.10389016018307
985,direction_change,8,45.00000000000001,"(1725, 403)",46.150743707093824
991,direction_change,8,45.00000000000001,"(1727, 400)",46.43186498855835
994,direction_change,8,45.00000000000001,"(1728, 398)",46.57242562929062
995,direction_change,8,90.0,"(1729, 398)",46.619279176201374
996,direction_change,8,90.0,"(1729, 397)",46.66613272311213
997,direction_change,8,45.00000000000001,"(1730, 396)",46.71298627002289
1000,direction_change,8,45.00000000000001,"(1731, 394)",46.85354691075515
1003,direction_change,8,90.0,"(1732, 393)",46.99410755148742
1004,direction_change,8,90.0,"(1733, 393)",47.04096109839817
1005,direction_change,8,90.0,"(1733, 392)",47.087814645308924
1007,direction_change,8,90.0,"(1734, 391)",47.18152173913044
1008,direction_change,8,90.0,"(1734, 390)",47.22837528604119
1009,direction_change,8,45.00000000000001,"(1735, 389)",47.275228832951946
1010,direction_change,8,45.00000000000001,"(1735, 388)",47.3220823798627
1011,direction_change,8,45.00000000000001,"(1736, 387)",47.36893592677346
1012,direction_change,8,45.00000000000001,"(1736, 386)",47.415789473684214
1019,direction_change,8,45.00000000000001,"(1735, 381)",47.743764302059496
1020,direction_change,8,45.00000000000001,"(1735, 380)",47.79061784897026
1022,direction_change,8,90.0,"(1734, 379)",47.884324942791764
1023,direction_change,8,90.0,"(1734, 378)",47.93117848970252
1026,direction_change,8,45.00000000000001,"(1733, 375)",48.071739130434786
1032,direction_change,8,45.00000000000001,"(1732, 371)",48.352860411899314
1034,direction_change,8,45.00000000000001,"(1731, 369)",48.44656750572083
1035,direction_change,8,45.00000000000001,"(1730, 368)",48.49342105263158
1039,direction_change,8,90.0,"(1728, 366)",48.680835240274604
1040,direction_change,8,90.0,"(1728, 365)",48.72768878718536
1042,direction_change,8,90.0,"(1727, 364)",48.821395881006865
1043,direction_change,8,90.0,"(1727, 363)",48.868249427917625
1044,direction_change,8,90.0,"(1726, 363)",48.91510297482838
1045,direction_change,8,90.0,"(1726, 362)",48.96195652173913
1046,direction_change,8,45.00000000000001,"(1725, 361)",49.008810068649886
1049,direction_change,8,45.00000000000001,"(1724, 359)",49.149370709382154
1050,direction_change,8,90.0,"(1723, 359)",49.19622425629291
1051,direction_change,8,90.0,"(1723, 358)",49.24307780320366
1057,direction_change,8,90.0,"(1722, 355)",49.5241990846682
1058,direction_change,8,90.0,"(1722, 354)",49.57105263157895
1063,direction_change,8,90.0,"(1721, 352)",49.805320366132726
1072,direction_change,8,45.00000000000001,"(1720, 347)",50.22700228832952
1073,direction_change,8,90.0,"(1719, 347)",50.273855835240276
1074,direction_change,8,90.0,"(1719, 346)",50.32070938215103
1079,direction_change,8,45.00000000000001,"(1718, 342)",50.554977116704805
1085,direction_change,8,45.00000000000001,"(1716, 339)",50.83609839816934
1086,direction_change,8,90.0,"(1716, 338)",50.882951945080094
1093,direction_change,8,45.00000000000001,"(1715, 332)",51.210926773455384
1094,direction_change,8,45.00000000000001,"(1715, 331)",51.25778032036614
1095,direction_change,8,90.0,"(1714, 331)",51.30463386727689
1096,direction_change,8,90.0,"(1714, 330)",51.351487414187645
1104,direction_change,8,90.0,"(1712, 326)",51.72631578947369
1105,direction_change,8,90.0,"(1712, 325)",51.77316933638444
1112,direction_change,8,90.0,"(1711, 321)",52.10114416475973
1113,direction_change,8,90.0,"(1711, 320)",52.147997711670484
1115,direction_change,8,45.00000000000001,"(1710, 318)",52.24170480549199
1116,direction_change,8,45.00000000000001,"(1710, 317)",52.28855835240275
1120,direction_change,8,45.00000000000001,"(1709, 314)",52.47597254004577
1122,direction_change,8,45.00000000000001,"(1708, 312)",52.56967963386728
1134,direction_change,8,45.00000000000001,"(1705, 305)",53.13192219679634
1141,direction_change,8,45.00000000000001,"(1704, 300)",53.45989702517163
1144,direction_change,8,45.00000000000001,"(1703, 298)",53.600457665903896
1145,direction_change,8,90.0,"(1702, 298)",53.64731121281465
1146,direction_change,8,90.0,"(1702, 297)",53.6941647597254
1147,direction_change,8,45.00000000000001,"(1701, 296)",53.74101830663616
1148,direction_change,8,45.00000000000001,"(1701, 295)",53.78787185354691
1153,direction_change,8,45.00000000000001,"(1699, 292)",54.02213958810069
1154,direction_change,8,45.00000000000001,"(1699, 291)",54.068993135011446
1160,direction_change,8,45.00000000000001,"(1697, 288)",54.350114416475975
1163,direction_change,8,90.0,"(1696, 287)",54.49067505720824
1164,direction_change,8,90.0,"(1696, 286)",54.537528604119
1165,direction_change,8,90.0,"(1695, 286)",54.58438215102975
1166,direction_change,8,90.0,"(1695, 285)",54.631235697940504
1167,direction_change,8,45.00000000000001,"(1694, 284)",54.678089244851265
1170,direction_change,8,90.0,"(1693, 283)",54.818649885583525
1190,direction_change,8,90.0,"(1692, 279)",55.75572082379863
1200,direction_change,8,45.00000000000001,"(1687, 279)",56.22425629290618
1201,direction_change,8,45.00000000000001,"(1686, 279)",56.27110983981694
1208,direction_change,8,45.00000000000001,"(1680, 278)",56.599084668192226
1217,direction_change,8,45.00000000000001,"(1674, 277)",57.020766590389016
1219,direction_change,8,45.00000000000001,"(1672, 278)",57.11447368421053
1220,direction_change,8,45.00000000000001,"(1671, 278)",57.161327231121284
1221,direction_change,8,45.00000000000001,"(1670, 279)",57.20818077803204
1222,direction_change,8,45.00000000000001,"(1669, 279)",57.2550343249428
1225,direction_change,8,45.00000000000001,"(1667, 280)",57.39559496567506
1231,direction_change,8,45.00000000000001,"(1663, 281)",57.676716247139595
1238,direction_change,8,90.0,"(1660, 282)",58.00469107551488
1239,direction_change,8,90.0,"(1660, 283)",58.05154462242563
1251,direction_change,8,90.0,"(1663, 285)",58.613787185354695
1295,direction_change,8,90.0,"(1664, 290)",60.67534324942792
1296,direction_change,8,180.0,"(1663, 290)",60.72219679633868
1309,direction_change,8,90.0,"(1662, 287)",61.33129290617849
1318,direction_change,8,90.0,"(1659, 286)",61.75297482837529
1345,direction_change,8,90.0,"(1654, 288)",63.01802059496568
1347,direction_change,8,90.0,"(1653, 289)",63.11172768878719
1348,direction_change,8,90.0,"(1652, 289)",63.158581235697945
1351,direction_change,8,45.00000000000001,"(1650, 290)",63.29914187643021
1352,direction_change,8,45.00000000000001,"(1649, 290)",63.345995423340966
1358,direction_change,8,90.0,"(1646, 291)",63.627116704805495
1359,direction_change,8,90.0,"(1645, 291)",63.67397025171625
1361,direction_change,8,90.0,"(1644, 292)",63.76767734553776
1362,direction_change,8,90.0,"(1643, 292)",63.814530892448516
1365,direction_change,8,45.00000000000001,"(1641, 293)",63.955091533180784
1403,direction_change,8,90.0,"(1637, 292)",65.73552631578947
1404,direction_change,8,90.0,"(1636, 292)",65.78237986270024
1407,direction_change,8,90.0,"(1635, 291)",65.9229405034325
1415,direction_change,8,90.0,"(1634, 291)",66.29776887871854
1416,direction_change,8,45.00000000000001,"(1633, 292)",66.3446224256293
1428,direction_change,8,45.00000000000001,"(1628, 290)",66.90686498855835
1435,direction_change,8,90.0,"(1624, 291)",67.23483981693364
1441,direction_change,8,90.0,"(1622, 290)",67.51596109839818
1442,direction_change,8,90.0,"(1621, 290)",67.56281464530893
1443,direction_change,8,45.00000000000001,"(1620, 289)",67.60966819221969
1444,direction_change,8,135.0,"(1620, 290)",67.65652173913044
1445,direction_change,8,90.0,"(1619, 290)",67.7033752860412
1446,direction_change,8,45.00000000000001,"(1618, 291)",67.75022883295195
1447,direction_change,8,45.00000000000001,"(1617, 291)",67.7970823798627
1448,direction_change,8,45.00000000000001,"(1616, 292)",67.84393592677345
1449,direction_change,8,45.00000000000001,"(1615, 292)",67.89078947368421
1452,direction_change,8,45.00000000000001,"(1613, 293)",68.03135011441648
1459,direction_change,8,45.00000000000001,"(1609, 296)",68.35932494279177
1460,direction_change,8,45.00000000000001,"(1609, 297)",68.40617848970253
1461,direction_change,8,45.00000000000001,"(1608, 298)",68.45303203661328
1489,direction_change,8,90.0,"(1607, 296)",69.76493135011442
1517,direction_change,8,90.0,"(1608, 297)",71.07683066361557
1317,direction_change,11,45.00000000000001,"(1645, 283)",61.70612128146453
1320,direction_change,11,45.00000000000001,"(1643, 284)",61.8466819221968
1328,direction_change,11,90.0,"(1640, 285)",62.221510297482844
1331,direction_change,11,45.00000000000001,"(1638, 286)",62.362070938215105
1332,direction_change,11,45.00000000000001,"(1637, 287)",62.40892448512586
1333,direction_change,11,45.00000000000001,"(1636, 287)",62.45577803203662
1334,direction_change,11,90.0,"(1636, 288)",62.50263157894737
1339,direction_change,11,45.00000000000001,"(1633, 289)",62.73689931350115
1360,direction_change,11,90.0,"(1626, 288)",63.72082379862701
1361,direction_change,11,90.0,"(1625, 288)",63.76767734553776
1362,direction_change,11,90.0,"(1625, 289)",63.814530892448516
1368,direction_change,11,90.0,"(1623, 290)",64.09565217391305
1369,direction_change,11,90.0,"(1622, 290)",64.1425057208238
1374,direction_change,11,90.0,"(1620, 291)",64.37677345537757
1375,direction_change,11,90.0,"(1619, 291)",64.42362700228833
1381,direction_change,11,45.00000000000001,"(1613, 292)",64.70474828375286
1386,direction_change,11,45.00000000000001,"(1609, 293)",64.93901601830665
1387,direction_change,11,45.00000000000001,"(1608, 293)",64.9858695652174
1393,direction_change,11,45.00000000000001,"(1603, 292)",65.26699084668192
1394,direction_change,11,45.00000000000001,"(1602, 292)",65.31384439359267
1395,direction_change,11,45.00000000000001,"(1601, 293)",65.36069794050344
1398,direction_change,11,90.0,"(1600, 294)",65.5012585812357
1404,direction_change,11,90.0,"(1596, 293)",65.78237986270024
1405,direction_change,11,90.0,"(1595, 293)",65.82923340961099
1407,direction_change,11,45.00000000000001,"(1593, 294)",65.9229405034325
1416,direction_change,11,90.0,"(1588, 294)",66.3446224256293
1417,direction_change,11,90.0,"(1587, 294)",66.39147597254005
1425,direction_change,11,45.00000000000001,"(1582, 295)",66.7663043478261
1436,direction_change,11,90.0,"(1578, 297)",67.2816933638444
1439,direction_change,11,90.0,"(1577, 298)",67.42225400457666
1468,direction_change,11,45.00000000000001,"(1570, 301)",68.78100686498857
1478,direction_change,11,90.0,"(1564, 303)",69.24954233409612
1479,direction_change,11,90.0,"(1563, 303)",69.29639588100687
1497,direction_change,11,45.00000000000001,"(1562, 300)",70.13975972540047
1507,direction_change,11,180.0,"(1561, 297)",70.60829519450802
1516,direction_change,11,90.0,"(1564, 297)",71.02997711670481
1517,direction_change,11,90.0,"(1564, 296)",71.07683066361557
1518,direction_change,11,180.0,"(1564, 297)",71.12368421052632
1523,direction_change,11,90.0,"(1563, 299)",71.35795194508009
1524,direction_change,11,90.0,"(1562, 299)",71.40480549199086
1534,direction_change,11,90.0,"(1560, 303)",71.8733409610984
1535,direction_change,11,90.0,"(1560, 304)",71.92019450800916
1536,direction_change,11,90.0,"(1561, 304)",71.96704805491991
