frame,id,x,y
174,1,1217,611
175,1,1217,611
230,2,1625,682
231,2,1624,682
232,2,1623,682
233,2,1622,681
234,2,1621,680
235,2,1620,679
236,2,1619,679
237,2,1618,679
238,2,1616,679
239,2,1615,679
240,2,1615,679
241,2,1614,679
242,2,1614,679
243,2,1613,680
244,2,1613,680
245,2,1612,680
246,2,1611,680
247,2,1610,680
248,2,1610,679
249,2,1609,679
250,2,1609,678
251,2,1608,677
252,2,1607,677
253,2,1606,677
254,2,1606,676
255,2,1605,675
256,2,1604,674
257,2,1604,674
258,2,1603,674
259,2,1602,673
260,2,1602,673
261,2,1602,672
262,2,1601,672
263,2,1601,672
264,2,1600,671
265,2,1599,671
266,2,1599,670
267,2,1598,670
268,2,1597,670
269,2,1597,669
270,2,1596,669
271,2,1596,669
273,2,1595,668
274,2,1595,667
275,2,1595,667
276,2,1594,667
277,2,1594,667
278,2,1594,666
279,2,1593,666
295,2,1590,664
296,2,1589,664
297,2,1588,663
298,2,1588,663
299,2,1588,663
300,2,1588,663
301,2,1588,663
302,2,1587,663
303,2,1587,663
304,2,1587,663
305,2,1587,662
306,2,1586,662
307,2,1586,661
308,2,1586,661
309,2,1585,662
310,2,1585,662
311,2,1585,663
312,2,1585,663
313,2,1585,663
314,2,1585,662
315,2,1585,662
316,2,1585,661
317,2,1586,661
318,2,1586,661
319,2,1586,661
320,2,1586,661
321,2,1586,661
322,2,1586,662
323,2,1586,662
324,2,1586,663
325,2,1586,663
326,2,1587,663
327,2,1587,663
328,2,1588,663
329,2,1588,663
330,2,1588,663
331,2,1589,663
332,2,1589,664
333,2,1589,664
334,2,1589,664
335,2,1590,664
336,2,1590,664
337,2,1590,664
338,2,1591,663
339,2,1591,663
340,2,1591,662
341,2,1591,662
342,2,1591,662
343,2,1591,662
344,2,1591,663
345,2,1592,663
346,2,1592,664
347,2,1592,664
348,2,1592,664
349,2,1592,663
350,2,1592,663
351,2,1593,662
352,2,1593,662
353,2,1594,662
354,2,1594,661
355,2,1595,661
356,2,1595,660
357,2,1596,660
358,2,1596,660
359,2,1597,659
360,2,1597,658
361,2,1597,658
362,2,1598,657
363,2,1598,657
364,2,1599,656
365,2,1599,656
366,2,1600,655
367,2,1600,654
368,2,1601,654
369,2,1602,653
370,2,1602,652
371,2,1603,652
372,2,1604,651
373,2,1604,651
374,2,1605,651
375,2,1605,651
376,2,1606,650
377,2,1606,650
378,2,1606,650
379,2,1607,650
380,2,1608,650
381,2,1608,650
382,2,1609,650
383,2,1610,650
384,2,1610,649
385,2,1610,649
386,2,1611,648
387,2,1612,648
388,2,1613,648
389,2,1613,648
390,2,1614,647
391,2,1614,647
392,2,1615,647
393,2,1616,647
394,2,1617,647
395,2,1618,647
396,2,1619,646
397,2,1620,646
398,2,1621,646
399,2,1623,645
400,2,1623,645
401,2,1624,645
402,2,1624,644
403,2,1625,644
404,2,1625,644
405,2,1626,644
406,2,1627,644
407,2,1627,644
408,2,1628,643
409,2,1629,642
410,2,1629,642
411,2,1630,641
412,2,1630,641
413,2,1631,640
414,2,1632,640
415,2,1632,639
416,2,1633,638
417,2,1633,638
418,2,1634,637
419,2,1635,636
420,2,1635,635
421,2,1636,635
422,2,1637,634
423,2,1637,633
424,2,1638,632
425,2,1639,631
426,2,1639,630
427,2,1639,629
428,2,1640,628
429,2,1640,627
430,2,1641,626
431,2,1641,626
432,2,1642,625
433,2,1642,625
434,2,1642,624
435,2,1642,623
436,2,1642,622
437,2,1642,621
438,2,1642,621
439,2,1642,620
440,2,1641,619
441,2,1641,618
442,2,1641,618
443,2,1641,617
444,2,1641,616
445,2,1641,615
446,2,1641,614
447,2,1642,613
448,2,1642,612
449,2,1642,611
450,2,1642,611
451,2,1642,611
452,2,1642,610
453,2,1642,610
454,2,1642,609
455,2,1641,608
456,2,1641,608
457,2,1641,607
458,2,1641,606
459,2,1642,605
460,2,1642,604
461,2,1643,603
462,2,1643,603
463,2,1644,602
464,2,1644,601
465,2,1644,600
466,2,1645,599
467,2,1645,598
468,2,1645,598
469,2,1646,597
470,2,1646,596
471,2,1646,596
472,2,1646,595
473,2,1646,595
474,2,1646,594
475,2,1646,593
476,2,1647,593
477,2,1647,592
478,2,1647,592
479,2,1648,591
480,2,1648,590
481,2,1649,590
482,2,1649,589
483,2,1649,589
484,2,1650,588
485,2,1650,588
486,2,1650,587
487,2,1651,586
488,2,1651,586
489,2,1652,585
490,2,1652,585
491,2,1653,584
492,2,1653,584
493,2,1654,583
494,2,1654,582
495,2,1655,582
496,2,1655,582
497,2,1655,582
498,2,1654,582
499,2,1654,582
500,2,1653,582
501,2,1652,582
502,2,1652,581
503,2,1651,581
504,2,1651,581
505,2,1651,581
506,2,1651,581
507,2,1651,581
508,2,1651,582
509,2,1651,582
510,2,1651,583
511,2,1652,584
512,2,1652,584
513,2,1652,585
514,2,1652,585
515,2,1652,586
516,2,1652,586
517,2,1651,587
518,2,1651,587
519,2,1650,588
520,2,1649,589
521,2,1649,590
522,2,1649,591
523,2,1649,591
524,2,1648,592
525,2,1648,592
526,2,1648,593
527,2,1648,594
528,2,1648,595
529,2,1648,595
530,2,1647,596
531,2,1647,597
532,2,1646,597
533,2,1646,598
534,2,1646,598
535,2,1645,599
536,2,1645,599
537,2,1645,600
538,2,1645,600
539,2,1645,601
540,2,1645,601
541,2,1645,602
542,2,1645,602
543,2,1645,602
544,2,1645,603
545,2,1645,604
546,2,1646,604
547,2,1646,605
548,2,1646,606
549,2,1646,607
550,2,1645,608
551,2,1645,609
552,2,1644,610
553,2,1644,611
554,2,1644,612
555,2,1644,612
556,2,1644,613
557,2,1644,614
558,2,1643,615
559,2,1643,616
560,2,1643,617
561,2,1642,618
562,2,1642,618
563,2,1642,618
564,2,1642,619
565,2,1642,620
566,2,1642,621
567,2,1642,621
568,2,1641,622
569,2,1641,623
570,2,1641,624
571,2,1640,624
572,2,1640,625
573,2,1640,626
574,2,1640,627
575,2,1640,627
576,2,1640,628
577,2,1639,629
578,2,1639,629
579,2,1638,630
580,2,1637,630
581,2,1637,631
582,2,1637,632
583,2,1636,633
584,2,1636,633
585,2,1635,634
586,2,1635,635
587,2,1634,636
588,2,1634,636
589,2,1633,637
590,2,1633,637
591,2,1632,637
592,2,1631,638
593,2,1630,638
594,2,1630,639
595,2,1629,639
596,2,1629,640
597,2,1628,640
598,2,1628,641
599,2,1627,641
600,2,1627,641
601,2,1626,641
602,2,1626,642
603,2,1625,642
604,2,1625,642
605,2,1625,642
606,2,1625,642
607,2,1625,642
608,2,1625,642
609,2,1625,642
610,2,1625,641
611,2,1626,641
612,2,1626,641
613,2,1626,641
614,2,1626,641
615,2,1626,641
616,2,1626,641
617,2,1626,641
618,2,1625,642
619,2,1625,642
620,2,1625,642
621,2,1625,642
622,2,1625,642
623,2,1625,642
624,2,1625,642
625,2,1625,642
626,2,1626,641
627,2,1626,641
628,2,1626,641
629,2,1626,641
630,2,1626,641
631,2,1626,641
632,2,1626,641
633,2,1626,642
634,2,1625,642
635,2,1625,642
636,2,1625,642
637,2,1625,642
638,2,1625,642
639,2,1625,642
640,2,1625,642
641,2,1625,641
642,2,1626,641
643,2,1626,641
644,2,1626,642
645,2,1626,642
646,2,1626,643
647,2,1626,643
648,2,1625,644
649,2,1625,644
650,2,1624,644
651,2,1624,645
652,2,1624,645
653,2,1624,645
654,2,1624,645
655,2,1624,645
656,2,1624,645
657,2,1625,645
658,2,1624,646
659,2,1624,646
660,2,1623,646
661,2,1623,646
662,2,1623,645
663,2,1623,645
664,2,1623,644
665,2,1623,644
666,2,1623,644
667,2,1624,644
668,2,1624,644
669,2,1624,644
670,2,1624,644
671,2,1624,645
672,2,1624,645
673,2,1624,645
674,2,1624,645
675,2,1623,645
676,2,1623,645
677,2,1623,645
678,2,1624,644
679,2,1624,644
680,2,1625,643
681,2,1625,643
682,2,1625,643
683,2,1625,643
684,2,1625,643
685,2,1625,643
686,2,1626,643
687,2,1626,644
688,2,1626,644
689,2,1626,644
690,2,1626,644
691,2,1626,644
692,2,1626,644
693,2,1625,643
694,2,1625,643
695,2,1625,642
696,2,1625,642
697,2,1625,642
698,2,1625,642
699,2,1625,642
700,2,1625,642
701,2,1626,642
702,2,1626,643
703,2,1626,643
704,2,1626,643
705,2,1626,643
706,2,1626,643
707,2,1626,643
708,2,1626,643
709,2,1625,643
710,2,1625,642
711,2,1625,642
712,2,1625,642
713,2,1625,642
714,2,1625,642
715,2,1624,642
716,2,1624,642
717,2,1624,642
718,2,1624,643
719,2,1624,643
720,2,1624,643
721,2,1624,644
722,2,1624,644
723,2,1624,645
724,2,1623,645
725,2,1623,645
726,2,1622,645
727,2,1622,646
728,2,1621,646
729,2,1620,645
730,2,1620,645
731,2,1620,644
732,2,1619,644
733,2,1619,644
734,2,1619,644
735,2,1619,644
736,2,1619,644
737,2,1619,644
738,2,1619,644
739,2,1619,645
740,2,1620,645
741,2,1620,645
742,2,1619,644
743,2,1619,644
744,2,1618,643
745,2,1618,643
746,2,1618,643
747,2,1618,643
748,2,1618,643
749,2,1619,644
750,2,1619,644
751,2,1620,645
752,2,1620,645
753,2,1620,645
754,2,1620,645
755,2,1621,645
756,2,1621,645
757,2,1621,645
758,2,1621,645
759,2,1621,646
760,2,1621,646
761,2,1622,646
762,2,1622,646
763,2,1622,646
764,2,1623,646
765,2,1623,646
766,2,1623,645
767,2,1624,645
768,2,1624,645
769,2,1624,645
770,2,1624,645
771,2,1624,645
772,2,1624,645
773,2,1624,644
774,2,1624,644
775,2,1623,644
776,2,1623,644
777,2,1623,644
778,2,1623,644
779,2,1623,644
780,2,1623,643
781,2,1623,643
782,2,1623,643
783,2,1624,643
784,2,1624,643
785,2,1624,643
786,2,1624,643
787,2,1624,644
788,2,1624,644
789,2,1624,644
790,2,1623,644
791,2,1623,644
792,2,1623,644
793,2,1623,644
794,2,1623,644
795,2,1623,643
796,2,1623,643
797,2,1623,643
798,2,1624,643
799,2,1624,643
800,2,1624,643
801,2,1624,643
802,2,1624,643
803,2,1624,644
804,2,1624,644
805,2,1624,644
806,2,1623,644
807,2,1623,644
808,2,1623,644
809,2,1623,644
810,2,1623,644
811,2,1623,643
812,2,1623,643
813,2,1623,643
814,2,1624,643
815,2,1624,643
816,2,1624,643
817,2,1624,643
818,2,1624,644
819,2,1624,644
820,2,1624,644
821,2,1624,644
822,2,1624,644
823,2,1624,644
824,2,1624,644
825,2,1624,644
826,2,1624,643
827,2,1624,643
828,2,1624,642
829,2,1625,642
830,2,1626,641
831,2,1626,641
832,2,1627,640
833,2,1627,639
834,2,1628,639
835,2,1628,638
836,2,1629,638
837,2,1629,637
838,2,1630,637
839,2,1631,637
840,2,1631,636
841,2,1632,636
842,2,1633,636
843,2,1633,635
844,2,1634,635
845,2,1635,634
846,2,1635,634
847,2,1636,633
848,2,1636,633
849,2,1637,632
850,2,1638,631
851,2,1638,631
852,2,1639,630
853,2,1639,630
854,2,1640,629
855,2,1640,628
856,2,1641,627
857,2,1641,626
858,2,1641,626
859,2,1642,626
860,2,1642,625
861,2,1642,625
862,2,1642,624
863,2,1642,623
864,2,1642,623
865,2,1642,622
866,2,1642,622
868,2,1642,621
869,2,1642,620
870,2,1642,619
871,2,1641,618
872,2,1642,618
873,2,1642,617
874,2,1643,616
875,2,1643,615
876,2,1643,615
877,2,1643,614
878,2,1644,614
879,2,1644,613
880,2,1644,612
881,2,1644,611
882,2,1644,610
883,2,1644,609
884,2,1645,608
885,2,1645,607
886,2,1645,606
887,2,1645,606
888,2,1645,605
889,2,1645,605
890,2,1645,604
891,2,1646,603
892,2,1646,602
893,2,1646,601
894,2,1646,601
895,2,1646,600
896,2,1646,599
897,2,1646,598
898,2,1645,597
899,2,1645,596
900,2,1645,596
901,2,1646,595
902,2,1646,595
903,2,1647,594
904,2,1647,594
905,2,1647,593
906,2,1648,592
907,2,1648,591
908,2,1648,591
909,2,1649,590
910,2,1649,589
911,2,1649,588
912,2,1650,588
913,2,1650,587
914,2,1651,586
915,2,1651,585
916,2,1652,585
917,2,1652,584
918,2,1653,583
919,2,1653,583
920,2,1654,582
921,2,1654,581
922,2,1655,580
923,2,1655,579
924,2,1655,578
925,2,1656,577
926,2,1656,577
927,2,1657,576
928,2,1657,575
929,2,1657,575
930,2,1658,574
931,2,1658,574
932,2,1659,573
933,2,1659,573
934,2,1659,572
935,2,1660,571
936,2,1660,570
937,2,1661,570
938,2,1661,569
939,2,1662,568
940,2,1662,568
941,2,1662,567
942,2,1663,566
943,2,1663,565
944,2,1664,565
945,2,1664,564
946,2,1665,563
947,2,1665,562
948,2,1666,562
949,2,1667,561
950,2,1667,560
951,2,1667,559
952,2,1668,558
953,2,1669,557
954,2,1669,556
955,2,1670,556
956,2,1670,556
957,2,1670,555
958,2,1671,554
959,2,1671,553
960,2,1671,553
961,2,1672,552
962,2,1672,551
963,2,1673,551
964,2,1673,550
965,2,1673,550
966,2,1674,549
967,2,1674,548
968,2,1675,547
969,2,1675,546
970,2,1676,546
971,2,1676,545
972,2,1676,544
973,2,1677,544
974,2,1677,543
975,2,1678,542
976,2,1678,542
977,2,1678,541
978,2,1679,540
979,2,1679,540
980,2,1680,539
981,2,1680,538
982,2,1681,538
983,2,1681,537
984,2,1681,537
985,2,1681,536
986,2,1682,535
987,2,1682,535
988,2,1683,534
989,2,1683,533
990,2,1684,533
991,2,1684,532
992,2,1684,532
993,2,1684,531
994,2,1685,530
995,2,1685,529
996,2,1686,529
997,2,1686,528
998,2,1686,528
999,2,1686,528
1000,2,1685,528
1001,2,1685,528
1002,2,1684,528
1003,2,1684,528
1004,2,1684,529
1005,2,1684,529
1006,2,1684,529
1007,2,1684,529
1008,2,1684,529
1009,2,1684,528
1010,2,1685,528
1011,2,1685,527
1012,2,1685,527
1013,2,1685,527
1014,2,1686,526
1015,2,1686,526
1016,2,1686,526
1017,2,1686,526
1018,2,1686,526
1019,2,1686,526
1020,2,1686,526
1021,2,1685,526
1022,2,1686,525
1023,2,1686,525
1024,2,1687,526
1025,2,1688,526
1026,2,1688,527
1027,2,1688,527
1028,2,1689,526
1029,2,1690,526
1030,2,1690,525
1031,2,1691,524
1032,2,1691,524
1033,2,1691,523
1034,2,1691,522
1035,2,1691,521
1036,2,1690,520
1037,2,1690,519
1038,2,1689,518
1039,2,1689,517
1040,2,1689,517
1041,2,1689,516
1042,2,1689,516
1043,2,1689,515
1044,2,1688,514
1045,2,1688,513
1046,2,1688,512
1047,2,1688,511
1048,2,1688,510
1049,2,1688,509
1050,2,1688,507
1051,2,1687,507
1052,2,1687,506
1053,2,1687,506
1054,2,1687,505
1055,2,1687,504
1056,2,1686,503
1057,2,1686,502
1058,2,1686,502
1059,2,1686,501
1060,2,1686,500
1061,2,1686,499
1062,2,1686,499
1063,2,1687,498
1064,2,1686,497
1065,2,1686,496
1066,2,1685,495
1067,2,1685,494
1068,2,1685,493
1069,2,1685,491
1070,2,1685,491
1071,2,1685,490
1072,2,1685,490
1073,2,1685,489
1074,2,1684,489
1075,2,1684,488
1076,2,1684,487
1077,2,1684,486
1078,2,1684,485
1079,2,1684,484
1080,2,1684,483
1081,2,1685,483
1082,2,1685,482
1083,2,1685,481
1084,2,1685,481
1085,2,1684,480
1086,2,1684,479
1087,2,1683,478
1089,2,1683,477
1090,2,1683,476
1091,2,1683,475
1092,2,1683,474
1093,2,1683,472
1094,2,1682,471
1095,2,1682,470
1096,2,1681,470
1097,2,1681,470
1098,2,1681,470
1099,2,1681,469
1100,2,1681,469
1103,2,1681,467
1104,2,1681,466
1105,2,1681,465
1109,2,1682,463
1110,2,1682,461
1111,2,1681,460
1112,2,1681,459
1113,2,1680,458
1114,2,1680,457
1115,2,1680,456
1116,2,1680,455
1117,2,1680,454
1118,2,1680,454
1119,2,1681,453
1120,2,1682,453
1121,2,1682,453
1122,2,1683,452
1123,2,1684,451
1124,2,1684,451
1125,2,1685,450
1126,2,1685,450
1127,2,1686,449
1128,2,1686,448
1129,2,1687,447
1130,2,1687,447
1131,2,1688,446
1132,2,1688,446
1133,2,1689,445
1134,2,1689,445
1135,2,1690,444
1136,2,1691,444
1137,2,1691,443
1138,2,1692,442
1139,2,1692,442
1140,2,1693,441
1141,2,1693,440
1142,2,1694,440
1143,2,1694,439
1144,2,1695,438
1145,2,1696,438
1146,2,1696,437
1147,2,1697,436
1148,2,1697,436
1149,2,1698,435
1150,2,1698,435
1151,2,1699,434
1152,2,1700,433
1153,2,1700,433
1154,2,1700,432
1155,2,1700,432
1156,2,1701,431
1157,2,1701,431
1158,2,1702,430
1159,2,1702,430
1160,2,1703,429
1161,2,1703,429
1162,2,1703,429
1163,2,1704,428
1164,2,1705,427
1165,2,1705,427
1166,2,1706,426
1167,2,1706,425
1168,2,1707,424
1169,2,1708,423
1170,2,1708,422
1171,2,1709,421
1172,2,1709,421
1173,2,1710,421
1174,2,1710,420
1175,2,1711,420
1176,2,1711,419
1177,2,1711,418
1178,2,1712,418
1179,2,1713,417
1180,2,1713,417
1181,2,1714,416
1182,2,1715,416
1183,2,1715,415
1184,2,1716,414
1185,2,1716,414
1186,2,1717,413
1187,2,1718,412
1188,2,1719,411
1189,2,1719,411
1190,2,1720,410
1191,2,1721,409
1192,2,1721,408
1193,2,1722,408
1194,2,1722,407
1195,2,1723,406
1196,2,1723,406
1197,2,1724,405
1198,2,1724,404
1199,2,1725,404
1200,2,1725,403
1201,2,1725,403
1202,2,1726,403
1203,2,1726,402
1204,2,1727,401
1205,2,1727,400
1206,2,1728,400
1207,2,1728,399
1208,2,1729,399
1209,2,1729,398
1210,2,1730,397
1211,2,1730,396
1212,2,1731,396
1213,2,1731,395
1214,2,1732,394
1215,2,1732,394
1216,2,1733,393
1217,2,1733,392
1218,2,1733,392
1219,2,1734,391
1220,2,1734,390
1221,2,1735,389
1222,2,1735,389
1223,2,1735,388
1224,2,1735,387
1225,2,1735,386
1226,2,1735,385
1227,2,1734,384
1228,2,1734,383
1229,2,1733,382
1230,2,1733,382
1231,2,1733,382
1232,2,1732,381
1233,2,1732,380
1234,2,1731,379
1235,2,1731,379
1236,2,1731,378
1237,2,1730,377
1238,2,1730,377
1239,2,1730,376
1240,2,1730,376
1241,2,1730,375
1242,2,1730,375
1243,2,1729,374
1244,2,1729,373
1245,2,1728,372
1246,2,1728,371
1247,2,1728,370
1248,2,1727,369
1249,2,1727,369
1250,2,1727,368
1251,2,1726,367
1252,2,1726,366
1253,2,1726,365
1254,2,1725,364
1255,2,1725,363
1256,2,1724,362
1257,2,1724,362
1258,2,1724,361
1259,2,1723,360
1260,2,1723,360
1261,2,1722,359
1262,2,1722,358
1263,2,1722,357
1264,2,1722,356
1265,2,1721,355
1266,2,1721,354
1267,2,1721,353
1268,2,1720,351
1269,2,1720,351
1270,2,1720,350
1271,2,1720,350
1272,2,1719,349
1273,2,1719,348
1274,2,1718,347
1275,2,1718,346
1276,2,1718,345
1277,2,1718,345
1278,2,1717,344
1279,2,1717,343
1280,2,1717,343
1281,2,1717,342
1282,2,1716,341
1283,2,1716,340
1284,2,1716,339
1285,2,1715,338
1286,2,1715,338
1287,2,1715,337
1288,2,1715,337
1289,2,1715,336
1290,2,1715,335
1291,2,1714,334
1292,2,1714,333
1293,2,1713,332
1294,2,1713,331
1295,2,1712,330
1296,2,1712,328
1297,2,1712,328
1298,2,1711,327
1299,2,1711,327
1300,2,1711,326
1301,2,1711,325
1302,2,1711,324
1303,2,1711,323
1304,2,1710,322
1305,2,1710,321
1306,2,1710,321
1307,2,1710,320
1308,2,1710,320
1309,2,1709,319
1310,2,1708,318
1311,2,1708,317
1312,2,1708,316
1313,2,1708,315
1314,2,1707,314
1315,2,1707,314
1316,2,1707,313
1317,2,1707,313
1318,2,1707,312
1319,2,1707,311
1320,2,1707,311
1321,2,1706,310
1322,2,1706,309
1323,2,1706,308
1324,2,1706,308
1325,2,1706,307
1326,2,1706,306
1327,2,1706,305
1328,2,1706,304
1329,2,1706,303
1330,2,1705,302
1331,2,1705,301
1332,2,1705,299
1333,2,1705,298
1334,2,1704,298
1335,2,1704,297
1336,2,1704,297
1337,2,1704,297
1338,2,1703,296
1339,2,1703,295
1340,2,1703,294
1341,2,1703,294
1342,2,1702,293
1343,2,1702,292
1344,2,1701,292
1345,2,1701,292
1346,2,1700,291
1347,2,1700,290
1348,2,1700,289
1349,2,1700,289
1350,2,1699,288
1351,2,1699,288
1352,2,1698,287
1353,2,1698,287
1354,2,1697,286
1355,2,1697,286
1356,2,1697,285
1357,2,1696,285
1358,2,1696,285
1359,2,1695,284
1360,2,1695,283
1361,2,1694,283
1362,2,1694,283
1363,2,1693,283
1364,2,1692,282
1365,2,1691,282
1366,2,1691,282
1367,2,1690,281
1368,2,1689,281
1369,2,1688,281
1370,2,1688,281
1371,2,1687,280
1372,2,1686,280
1373,2,1685,280
1374,2,1684,280
1375,2,1683,279
1376,2,1683,279
1377,2,1682,279
1378,2,1682,279
1379,2,1681,279
1380,2,1680,279
1381,2,1679,279
1382,2,1679,279
1383,2,1678,280
1384,2,1677,280
1385,2,1676,280
1386,2,1676,280
1387,2,1675,280
1388,2,1674,280
1389,2,1673,280
1390,2,1673,280
1391,2,1672,279
1392,2,1672,279
1393,2,1671,279
1394,2,1670,279
1395,2,1669,280
1396,2,1668,280
1397,2,1667,281
1398,2,1666,281
1399,2,1665,281
1400,2,1665,282
1401,2,1665,282
1402,2,1664,282
1403,2,1663,282
1404,2,1662,283
1405,2,1662,283
1406,2,1661,283
1407,2,1661,283
1408,2,1660,284
1409,2,1659,284
1410,2,1659,284
1411,2,1658,284
1412,2,1657,284
1413,2,1656,285
1414,2,1656,286
1415,2,1655,286
1416,2,1654,286
1417,2,1654,287
1418,2,1654,287
1419,2,1653,287
1420,2,1653,287
1421,2,1652,287
1422,2,1652,287
1423,2,1651,287
1424,2,1651,288
1425,2,1650,288
1426,2,1649,288
1427,2,1649,288
1428,2,1648,288
1429,2,1648,288
1430,2,1647,288
1431,2,1647,288
1432,2,1647,288
1433,2,1647,289
1434,2,1647,289
1435,2,1647,289
1436,2,1647,289
1437,2,1647,290
1438,2,1648,290
1439,2,1648,290
1440,2,1648,290
1441,2,1648,290
1442,2,1648,290
1443,2,1648,290
1444,2,1648,290
1445,2,1647,289
1446,2,1647,289
1447,2,1646,289
1448,2,1646,289
1449,2,1645,290
1450,2,1645,290
1451,2,1645,291
1452,2,1644,291
1453,2,1644,291
1454,2,1644,291
1455,2,1644,291
1456,2,1644,291
1457,2,1644,291
1458,2,1644,290
1459,2,1644,290
1460,2,1645,290
1461,2,1645,290
1462,2,1645,290
1463,2,1645,290
1464,2,1645,290
1465,2,1645,290
1466,2,1645,291
1467,2,1645,291
1468,2,1644,291
1469,2,1644,291
1470,2,1644,291
1471,2,1644,291
1472,2,1644,291
1473,2,1644,291
1474,2,1644,290
1475,2,1645,290
1476,2,1645,290
1477,2,1645,290
1478,2,1644,290
1479,2,1643,290
1480,2,1642,290
1481,2,1642,290
1482,2,1641,291
1483,2,1640,291
1484,2,1639,291
1485,2,1638,292
1486,2,1637,292
1487,2,1636,292
1488,2,1636,292
1489,2,1635,292
1490,2,1635,292
1491,2,1634,292
1492,2,1633,293
1493,2,1632,293
1494,2,1631,293
1495,2,1631,293
1496,2,1630,293
1497,2,1629,293
1498,2,1628,293
1499,2,1627,293
1500,2,1626,294
1501,2,1625,294
1502,2,1624,294
1503,2,1624,294
1504,2,1623,294
1505,2,1622,294
1506,2,1622,295
1507,2,1621,295
1508,2,1621,295
1509,2,1620,295
1510,2,1620,295
1511,2,1619,295
1512,2,1618,296
1513,2,1618,296
1514,2,1618,297
1518,2,1617,297
1519,2,1617,297
1520,2,1617,297
1521,2,1617,297
1527,2,1613,298
1528,2,1609,298
1529,2,1608,299
1534,2,1606,299
1535,2,1606,299
1536,2,1606,299
230,3,1571,731
231,3,1571,731
232,3,1571,729
233,3,1571,728
234,3,1571,727
235,3,1571,726
236,3,1572,725
237,3,1573,725
238,3,1573,724
239,3,1574,723
240,3,1574,722
241,3,1575,721
242,3,1575,720
243,3,1575,720
244,3,1575,719
245,3,1575,718
246,3,1576,718
247,3,1577,717
248,3,1577,717
249,3,1578,716
250,3,1578,716
251,3,1578,715
252,3,1579,715
253,3,1579,714
254,3,1580,714
255,3,1581,713
256,3,1582,712
257,3,1582,711
258,3,1583,711
259,3,1583,710
260,3,1583,710
261,3,1584,709
262,3,1584,708
263,3,1585,708
264,3,1585,707
265,3,1585,707
266,3,1586,706
267,3,1586,706
268,3,1587,705
269,3,1587,705
270,3,1588,704
271,3,1588,703
272,3,1589,703
273,3,1589,702
274,3,1590,702
275,3,1590,701
276,3,1590,701
277,3,1591,700
278,3,1591,699
279,3,1591,698
280,3,1591,698
281,3,1591,697
282,3,1591,696
283,3,1592,695
284,3,1592,695
285,3,1593,694
286,3,1593,693
287,3,1594,692
288,3,1594,691
289,3,1594,690
290,3,1594,690
291,3,1594,690
292,3,1594,689
293,3,1594,688
294,3,1595,687
295,3,1595,686
296,3,1596,685
297,3,1596,684
298,3,1596,683
299,3,1597,682
300,3,1597,682
301,3,1597,681
302,3,1598,681
303,3,1598,680
304,3,1599,679
305,3,1599,678
306,3,1599,678
307,3,1600,677
308,3,1600,676
309,3,1601,675
310,3,1601,675
311,3,1601,674
312,3,1602,673
313,3,1602,672
314,3,1603,671
315,3,1603,670
316,3,1603,669
317,3,1603,669
318,3,1604,668
319,3,1604,667
320,3,1604,667
321,3,1605,666
322,3,1605,665
323,3,1606,665
324,3,1606,664
325,3,1606,663
326,3,1607,662
327,3,1607,661
328,3,1608,660
329,3,1608,660
330,3,1609,660
331,3,1609,659
332,3,1609,659
333,3,1610,659
334,3,1610,658
335,3,1611,658
336,3,1611,657
337,3,1612,657
338,3,1613,656
339,3,1613,656
340,3,1614,655
341,3,1614,655
342,3,1615,654
343,3,1615,654
344,3,1616,653
345,3,1617,653
346,3,1617,652
347,3,1617,652
348,3,1618,651
349,3,1619,651
350,3,1620,650
351,3,1620,650
352,3,1621,649
353,3,1621,649
354,3,1622,648
355,3,1622,648
356,3,1623,647
357,3,1623,647
358,3,1624,646
359,3,1624,646
360,3,1625,645
361,3,1625,645
362,3,1625,644
363,3,1626,644
364,3,1626,643
365,3,1627,643
366,3,1627,643
367,3,1628,642
368,3,1629,642
369,3,1629,641
370,3,1629,640
371,3,1630,640
372,3,1631,640
373,3,1631,639
374,3,1632,639
375,3,1632,638
376,3,1633,638
377,3,1633,637
378,3,1634,636
379,3,1634,636
380,3,1635,636
381,3,1636,635
382,3,1636,635
383,3,1637,635
384,3,1637,634
385,3,1638,634
386,3,1638,634
387,3,1639,633
388,3,1639,633
389,3,1640,632
390,3,1640,632
391,3,1641,631
392,3,1641,631
393,3,1642,631
394,3,1643,630
395,3,1644,630
396,3,1645,630
397,3,1645,629
398,3,1646,628
399,3,1647,628
400,3,1648,627
401,3,1648,627
402,3,1649,627
403,3,1649,626
404,3,1650,626
405,3,1650,625
406,3,1650,625
407,3,1651,624
408,3,1651,624
409,3,1652,624
410,3,1652,624
411,3,1652,624
412,3,1653,624
413,3,1654,624
414,3,1654,625
415,3,1655,625
416,3,1656,626
417,3,1656,626
418,3,1657,627
419,3,1658,627
420,3,1659,628
421,3,1660,628
422,3,1661,628
423,3,1662,628
424,3,1663,628
425,3,1665,628
426,3,1666,628
427,3,1667,628
428,3,1668,627
429,3,1668,627
430,3,1669,626
431,3,1669,625
432,3,1669,625
433,3,1670,624
434,3,1670,624
435,3,1671,623
436,3,1671,623
437,3,1672,623
438,3,1672,622
439,3,1673,621
440,3,1674,621
441,3,1674,620
442,3,1675,619
443,3,1676,619
444,3,1676,618
445,3,1676,618
446,3,1677,617
447,3,1677,617
448,3,1678,616
449,3,1678,616
450,3,1679,615
451,3,1679,615
452,3,1679,614
453,3,1680,614
454,3,1680,613
455,3,1681,613
456,3,1681,612
457,3,1682,612
458,3,1682,611
459,3,1683,610
460,3,1683,610
461,3,1684,609
462,3,1685,609
463,3,1685,608
464,3,1685,607
465,3,1686,607
466,3,1687,607
467,3,1687,606
468,3,1688,605
469,3,1689,605
470,3,1689,604
471,3,1690,603
472,3,1690,603
473,3,1691,603
474,3,1691,602
475,3,1692,602
476,3,1692,601
477,3,1692,601
478,3,1693,600
479,3,1693,599
480,3,1694,599
481,3,1694,599
482,3,1695,598
483,3,1695,598
484,3,1696,597
485,3,1697,597
486,3,1697,597
487,3,1698,596
488,3,1698,596
489,3,1698,595
490,3,1699,595
491,3,1699,594
492,3,1700,594
493,3,1701,593
494,3,1701,592
495,3,1702,592
496,3,1702,591
497,3,1703,591
498,3,1703,590
499,3,1704,589
500,3,1704,589
501,3,1704,588
502,3,1705,587
503,3,1705,587
504,3,1706,587
505,3,1706,586
506,3,1707,586
507,3,1707,586
508,3,1707,585
509,3,1707,585
510,3,1707,584
511,3,1708,583
512,3,1708,583
513,3,1708,582
514,3,1709,581
515,3,1709,581
516,3,1709,581
517,3,1709,580
518,3,1710,579
519,3,1710,578
520,3,1710,577
521,3,1710,576
522,3,1710,575
523,3,1710,575
524,3,1710,574
525,3,1710,574
526,3,1709,573
527,3,1709,572
528,3,1709,572
529,3,1709,571
530,3,1709,571
531,3,1709,570
532,3,1709,570
533,3,1709,569
534,3,1708,568
535,3,1708,568
536,3,1708,567
537,3,1708,566
538,3,1708,565
539,3,1708,565
540,3,1708,564
541,3,1709,563
542,3,1708,562
543,3,1708,561
544,3,1707,560
545,3,1707,560
546,3,1707,559
547,3,1707,559
548,3,1707,558
549,3,1707,557
550,3,1707,556
551,3,1708,556
552,3,1708,555
553,3,1709,554
554,3,1709,554
555,3,1709,553
556,3,1710,552
557,3,1710,551
558,3,1710,551
559,3,1710,550
560,3,1711,549
561,3,1711,549
562,3,1711,548
563,3,1711,548
564,3,1711,547
565,3,1711,546
566,3,1711,545
567,3,1712,544
568,3,1712,543
569,3,1712,542
570,3,1712,542
571,3,1712,541
572,3,1712,541
573,3,1712,540
574,3,1711,539
575,3,1711,539
576,3,1711,538
577,3,1711,538
578,3,1711,537
579,3,1711,536
580,3,1711,536
581,3,1711,535
582,3,1712,535
583,3,1712,534
584,3,1712,533
585,3,1712,533
586,3,1713,532
587,3,1713,532
588,3,1714,531
589,3,1714,531
590,3,1714,531
591,3,1715,530
592,3,1716,530
593,3,1716,529
594,3,1717,529
595,3,1717,528
596,3,1718,528
597,3,1718,528
598,3,1719,527
599,3,1719,527
600,3,1718,527
601,3,1718,527
602,3,1717,527
603,3,1718,527
604,3,1718,527
605,3,1719,527
606,3,1719,528
607,3,1720,528
608,3,1720,528
609,3,1721,528
610,3,1721,528
611,3,1721,528
612,3,1721,528
613,3,1721,528
614,3,1721,527
615,3,1721,527
616,3,1722,527
617,3,1722,527
618,3,1722,526
619,3,1722,526
620,3,1722,526
621,3,1722,527
622,3,1721,527
623,3,1721,528
624,3,1720,528
625,3,1719,528
626,3,1719,527
627,3,1719,527
628,3,1719,526
629,3,1720,526
630,3,1720,525
631,3,1721,525
632,3,1721,525
633,3,1722,524
634,3,1722,524
635,3,1722,523
636,3,1722,522
637,3,1722,521
638,3,1721,521
639,3,1721,520
640,3,1720,520
641,3,1720,519
642,3,1719,519
643,3,1719,518
644,3,1718,518
645,3,1718,517
646,3,1718,517
647,3,1717,516
648,3,1717,516
649,3,1716,516
650,3,1716,515
651,3,1716,515
652,3,1715,514
653,3,1714,513
654,3,1714,513
655,3,1714,512
656,3,1713,512
657,3,1713,511
658,3,1713,511
659,3,1713,510
660,3,1712,509
661,3,1712,508
662,3,1712,507
663,3,1711,507
664,3,1711,507
665,3,1711,506
666,3,1711,505
667,3,1710,505
668,3,1710,504
669,3,1710,503
670,3,1710,502
671,3,1710,502
672,3,1710,501
673,3,1710,501
674,3,1711,501
675,3,1711,500
676,3,1712,499
677,3,1713,499
678,3,1714,498
679,3,1714,497
680,3,1714,496
681,3,1714,496
682,3,1714,495
683,3,1715,495
684,3,1715,494
685,3,1716,494
686,3,1716,493
687,3,1716,493
688,3,1716,492
689,3,1717,491
690,3,1717,491
691,3,1717,490
692,3,1717,490
693,3,1718,489
694,3,1718,489
695,3,1718,489
696,3,1719,489
697,3,1719,488
698,3,1719,488
699,3,1720,488
700,3,1720,487
701,3,1721,487
702,3,1721,487
703,3,1721,487
704,3,1721,486
705,3,1721,486
706,3,1720,486
707,3,1720,486
708,3,1719,486
709,3,1718,486
710,3,1718,486
711,3,1718,486
712,3,1718,487
713,3,1718,487
714,3,1718,487
715,3,1718,487
716,3,1718,487
717,3,1719,487
718,3,1719,487
719,3,1719,486
720,3,1719,486
721,3,1719,486
722,3,1719,486
723,3,1719,487
724,3,1719,487
725,3,1718,487
726,3,1718,488
727,3,1718,489
728,3,1718,489
729,3,1717,490
730,3,1717,490
731,3,1717,490
732,3,1717,491
733,3,1716,491
734,3,1716,491
735,3,1716,492
736,3,1716,493
737,3,1715,493
738,3,1715,494
739,3,1715,494
740,3,1715,495
741,3,1714,495
742,3,1714,495
743,3,1714,496
744,3,1714,496
745,3,1713,496
746,3,1713,497
747,3,1713,497
748,3,1712,497
749,3,1712,498
750,3,1712,498
751,3,1711,498
752,3,1710,498
753,3,1710,498
754,3,1710,498
755,3,1709,498
756,3,1709,498
757,3,1708,497
758,3,1708,497
759,3,1707,497
760,3,1707,496
761,3,1706,496
762,3,1706,496
763,3,1705,496
764,3,1704,495
765,3,1704,495
766,3,1703,494
767,3,1703,494
768,3,1703,493
769,3,1703,493
770,3,1703,492
771,3,1703,492
772,3,1703,491
773,3,1702,491
774,3,1702,490
775,3,1703,490
776,3,1703,490
777,3,1704,489
778,3,1704,489
779,3,1704,488
780,3,1704,487
781,3,1704,487
782,3,1704,486
783,3,1703,486
784,3,1703,485
785,3,1702,485
786,3,1702,485
787,3,1702,485
788,3,1702,485
789,3,1702,485
790,3,1702,485
791,3,1702,485
792,3,1703,486
793,3,1703,485
794,3,1703,485
795,3,1703,484
796,3,1703,484
797,3,1703,484
798,3,1703,484
799,3,1703,483
800,3,1702,483
801,3,1702,483
802,3,1702,483
803,3,1703,483
804,3,1703,483
805,3,1704,483
806,3,1704,483
807,3,1705,484
808,3,1705,483
809,3,1706,483
810,3,1706,482
811,3,1707,482
812,3,1707,481
813,3,1707,481
814,3,1707,481
815,3,1708,481
816,3,1709,481
817,3,1709,481
818,3,1709,481
819,3,1710,480
820,3,1710,480
821,3,1711,480
822,3,1711,480
823,3,1711,480
824,3,1711,479
825,3,1711,478
826,3,1711,478
827,3,1711,477
828,3,1711,477
829,3,1710,476
830,3,1710,476
831,3,1710,475
832,3,1709,475
833,3,1709,474
834,3,1709,474
835,3,1709,473
836,3,1709,473
837,3,1709,473
838,3,1709,473
839,3,1708,472
840,3,1708,472
841,3,1708,471
842,3,1708,471
843,3,1708,471
844,3,1708,470
845,3,1708,469
846,3,1709,469
847,3,1709,468
848,3,1709,468
849,3,1710,468
850,3,1710,468
851,3,1710,467
852,3,1711,467
853,3,1711,466
854,3,1711,466
855,3,1711,466
856,3,1712,465
857,3,1712,465
858,3,1712,464
859,3,1712,464
860,3,1713,463
861,3,1713,463
862,3,1713,463
863,3,1714,462
864,3,1714,462
865,3,1714,461
866,3,1715,461
867,3,1715,460
868,3,1715,460
869,3,1715,459
870,3,1715,459
871,3,1715,459
872,3,1715,459
873,3,1716,458
874,3,1716,458
875,3,1716,457
876,3,1717,457
877,3,1717,457
878,3,1717,456
879,3,1717,456
880,3,1717,455
881,3,1717,455
882,3,1718,455
883,3,1718,455
884,3,1718,454
885,3,1719,454
886,3,1719,453
887,3,1719,453
888,3,1719,453
889,3,1719,452
890,3,1719,452
891,3,1720,451
892,3,1720,451
893,3,1720,450
894,3,1721,450
895,3,1721,450
896,3,1721,450
897,3,1721,450
898,3,1722,449
899,3,1722,449
900,3,1722,449
901,3,1722,449
902,3,1723,449
903,3,1723,449
904,3,1723,449
905,3,1723,448
906,3,1723,448
907,3,1723,448
908,3,1723,447
909,3,1723,447
910,3,1723,447
911,3,1724,447
912,3,1724,447
913,3,1724,447
914,3,1724,446
915,3,1724,445
916,3,1724,445
917,3,1723,445
918,3,1723,445
919,3,1722,444
920,3,1722,444
921,3,1722,444
922,3,1722,443
923,3,1722,443
924,3,1722,443
925,3,1723,442
926,3,1723,442
927,3,1724,442
928,3,1724,441
929,3,1724,441
930,3,1725,441
931,3,1725,441
932,3,1725,440
933,3,1725,440
934,3,1725,440
935,3,1725,440
936,3,1725,439
937,3,1725,439
938,3,1724,438
939,3,1724,438
940,3,1724,438
941,3,1724,438
942,3,1724,438
943,3,1725,437
944,3,1725,437
945,3,1726,437
946,3,1726,436
947,3,1726,436
948,3,1727,436
949,3,1727,435
950,3,1727,435
951,3,1727,434
952,3,1728,434
953,3,1728,434
954,3,1729,433
955,3,1729,432
956,3,1730,432
957,3,1730,431
958,3,1731,431
959,3,1731,430
960,3,1732,430
961,3,1732,429
962,3,1733,429
963,3,1733,428
964,3,1734,428
965,3,1734,427
966,3,1735,427
967,3,1735,427
968,3,1736,426
969,3,1737,426
970,3,1737,425
971,3,1738,424
972,3,1738,424
973,3,1739,424
974,3,1739,423
975,3,1740,423
976,3,1740,422
977,3,1741,422
978,3,1742,421
979,3,1742,421
980,3,1743,420
981,3,1743,420
982,3,1744,419
983,3,1744,419
984,3,1744,419
985,3,1745,418
986,3,1745,418
987,3,1746,417
988,3,1746,417
989,3,1746,416
990,3,1747,415
991,3,1747,415
992,3,1747,414
993,3,1747,414
994,3,1748,414
995,3,1749,413
996,3,1749,413
997,3,1750,412
998,3,1751,412
999,3,1751,411
1000,3,1751,411
1001,3,1751,410
1002,3,1751,410
1003,3,1751,409
1004,3,1751,409
1005,3,1751,408
1006,3,1751,407
1007,3,1752,407
1008,3,1752,405
1009,3,1752,404
1010,3,1752,403
1011,3,1752,402
1012,3,1752,402
1013,3,1752,401
1014,3,1751,400
1015,3,1751,400
1016,3,1751,399
1017,3,1751,398
1018,3,1750,397
1019,3,1750,396
1020,3,1749,395
1021,3,1749,395
1022,3,1749,394
1023,3,1749,394
1024,3,1748,393
1025,3,1748,393
1026,3,1748,392
1027,3,1748,391
1028,3,1747,390
1029,3,1747,389
1030,3,1747,389
1031,3,1746,388
1032,3,1746,387
1033,3,1746,386
1034,3,1746,385
1035,3,1746,384
1036,3,1746,383
1037,3,1745,383
1038,3,1745,382
1039,3,1744,382
1040,3,1744,381
1041,3,1744,381
1042,3,1743,380
1043,3,1743,379
1044,3,1743,378
1045,3,1743,378
1046,3,1743,377
1047,3,1743,377
1048,3,1742,376
1049,3,1742,375
1050,3,1742,374
1051,3,1741,374
1052,3,1741,373
1053,3,1741,373
1054,3,1741,372
1055,3,1740,371
1056,3,1740,371
1057,3,1740,370
1058,3,1740,370
1059,3,1739,369
1060,3,1739,369
1061,3,1739,368
1062,3,1738,368
1063,3,1738,367
1064,3,1738,367
1065,3,1738,366
1066,3,1737,365
1067,3,1737,364
1068,3,1737,364
1069,3,1736,363
1070,3,1736,363
1071,3,1735,362
1072,3,1735,361
1073,3,1735,361
1074,3,1734,360
1075,3,1734,359
1076,3,1734,359
1077,3,1734,358
1078,3,1734,358
1079,3,1734,357
1080,3,1733,356
1081,3,1733,356
1082,3,1733,355
1083,3,1732,355
1084,3,1732,354
1085,3,1732,354
1086,3,1732,353
1087,3,1731,352
1088,3,1731,352
1089,3,1731,351
1090,3,1731,350
1091,3,1731,349
1092,3,1731,349
1093,3,1730,348
1094,3,1729,347
1095,3,1729,347
1096,3,1728,346
1097,3,1728,346
1098,3,1727,345
1099,3,1727,345
1100,3,1727,344
1101,3,1726,344
1102,3,1726,344
1103,3,1725,343
1104,3,1725,343
1105,3,1724,343
1106,3,1724,342
1107,3,1723,342
1108,3,1723,342
1109,3,1723,341
1110,3,1723,341
1111,3,1722,340
1112,3,1722,340
1113,3,1721,339
1114,3,1721,338
1115,3,1720,337
1116,3,1720,337
1117,3,1720,336
1118,3,1720,335
1119,3,1719,334
1120,3,1719,334
1121,3,1719,333
1122,3,1718,333
1123,3,1718,332
1124,3,1718,331
1125,3,1718,331
1126,3,1717,330
1127,3,1717,329
1128,3,1717,329
1129,3,1716,328
1130,3,1716,328
1131,3,1715,327
1132,3,1715,327
1133,3,1715,326
1134,3,1715,325
1135,3,1715,325
1136,3,1714,324
1137,3,1714,323
1138,3,1714,323
1139,3,1714,322
1140,3,1713,322
1141,3,1713,321
1142,3,1713,320
1143,3,1712,320
1144,3,1712,319
1145,3,1712,318
1146,3,1712,317
1147,3,1711,317
1148,3,1711,316
1149,3,1711,315
1150,3,1711,315
1151,3,1710,314
1152,3,1710,314
1153,3,1710,313
1154,3,1709,313
1155,3,1709,312
1156,3,1709,311
1157,3,1708,311
1158,3,1708,310
1159,3,1708,310
1160,3,1707,309
1161,3,1707,309
1162,3,1707,308
1163,3,1707,308
1164,3,1706,307
1165,3,1706,307
1166,3,1706,306
1167,3,1706,305
1168,3,1706,305
1169,3,1706,304
1170,3,1705,304
1171,3,1705,303
1172,3,1705,303
1173,3,1705,302
1174,3,1705,302
1175,3,1705,301
1176,3,1704,301
1177,3,1704,300
1178,3,1704,300
1179,3,1704,300
1180,3,1704,299
1181,3,1703,298
1182,3,1703,298
1183,3,1702,297
1184,3,1702,297
1185,3,1702,296
1186,3,1702,295
1187,3,1701,294
1188,3,1701,293
1189,3,1701,293
1190,3,1700,292
1191,3,1699,292
1192,3,1698,291
1193,3,1698,291
1194,3,1697,291
1195,3,1696,291
1196,3,1696,291
1197,3,1695,291
1198,3,1695,290
1199,3,1695,289
1200,3,1695,289
1201,3,1695,288
1202,3,1695,288
1203,3,1695,288
1204,3,1696,287
1205,3,1695,287
1206,3,1695,286
1207,3,1694,286
1208,3,1694,285
1209,3,1694,285
1210,3,1694,285
1211,3,1694,285
1212,3,1694,284
1213,3,1694,284
1214,3,1693,284
1215,3,1693,284
1216,3,1692,283
1217,3,1692,283
1218,3,1691,283
1219,3,1691,282
1220,3,1691,282
1221,3,1690,282
1222,3,1690,282
1223,3,1689,281
1224,3,1688,281
1225,3,1687,281
1226,3,1686,280
1227,3,1686,280
1228,3,1685,280
1229,3,1685,279
1230,3,1684,279
1231,3,1684,279
1232,3,1683,279
1233,3,1682,279
1234,3,1682,279
1235,3,1681,279
1236,3,1681,279
1237,3,1680,280
1238,3,1679,280
1239,3,1679,280
1240,3,1678,280
1241,3,1678,280
1242,3,1678,280
1243,3,1677,280
1244,3,1676,280
1245,3,1676,279
1246,3,1675,279
1247,3,1675,279
1248,3,1675,279
1249,3,1674,278
1250,3,1674,278
1251,3,1673,278
1252,3,1673,278
1253,3,1673,278
1254,3,1673,278
1255,3,1673,278
1256,3,1672,278
1257,3,1671,278
1258,3,1671,277
1259,3,1670,277
1260,3,1670,277
1261,3,1669,277
1262,3,1669,277
1263,3,1669,277
230,4,1590,662
231,4,1590,661
232,4,1590,660
233,4,1590,659
234,4,1590,659
235,4,1590,659
236,4,1591,659
237,4,1592,659
238,4,1593,659
239,4,1593,659
240,4,1594,659
241,4,1594,660
242,4,1595,660
243,4,1595,660
244,4,1595,660
245,4,1596,659
246,4,1596,659
247,4,1596,658
248,4,1596,657
249,4,1597,656
250,4,1597,656
251,4,1597,655
252,4,1598,654
253,4,1599,654
259,4,1601,652
260,4,1603,651
262,4,1604,650
263,4,1605,650
271,4,1607,648
272,4,1609,647
273,4,1611,646
274,4,1611,646
275,4,1612,646
276,4,1613,646
277,4,1614,646
278,4,1614,646
279,4,1615,646
280,4,1616,646
281,4,1616,645
282,4,1617,645
283,4,1618,645
284,4,1619,645
285,4,1620,645
286,4,1621,645
287,4,1622,645
288,4,1624,645
289,4,1624,644
290,4,1625,644
291,4,1625,644
292,4,1626,644
293,4,1627,644
294,4,1628,644
295,4,1629,644
296,4,1630,643
297,4,1631,642
298,4,1631,642
299,4,1632,641
300,4,1632,641
301,4,1633,640
302,4,1634,639
303,4,1634,639
304,4,1635,638
305,4,1636,637
307,4,1637,636
308,4,1638,635
309,4,1639,635
310,4,1639,633
311,4,1639,632
312,4,1639,631
315,4,1640,629
316,4,1641,628
317,4,1641,626
318,4,1642,625
319,4,1642,624
320,4,1642,623
321,4,1643,622
322,4,1643,621
323,4,1643,620
324,4,1643,619
325,4,1644,619
326,4,1644,618
327,4,1644,617
328,4,1644,616
329,4,1645,616
330,4,1645,615
331,4,1645,615
332,4,1646,614
333,4,1646,613
334,4,1646,613
335,4,1646,612
336,4,1646,611
337,4,1646,610
338,4,1646,609
339,4,1646,608
340,4,1646,608
341,4,1647,607
342,4,1647,606
343,4,1647,605
344,4,1647,604
345,4,1647,603
346,4,1647,602
347,4,1647,601
348,4,1646,601
349,4,1646,600
350,4,1646,599
351,4,1646,599
352,4,1646,598
353,4,1646,597
354,4,1646,596
355,4,1646,595
356,4,1647,594
357,4,1647,594
358,4,1647,594
359,4,1647,593
360,4,1647,592
361,4,1648,591
362,4,1648,590
363,4,1648,590
364,4,1649,589
365,4,1649,589
366,4,1649,588
367,4,1650,587
368,4,1650,587
369,4,1650,586
370,4,1651,585
371,4,1651,584
372,4,1652,584
373,4,1652,583
374,4,1652,582
375,4,1653,582
376,4,1654,581
377,4,1654,580
378,4,1655,579
379,4,1655,579
380,4,1655,578
381,4,1655,578
382,4,1656,577
383,4,1656,577
384,4,1656,576
385,4,1657,575
386,4,1657,575
387,4,1658,574
388,4,1658,573
389,4,1658,573
390,4,1658,572
391,4,1659,571
392,4,1659,571
393,4,1660,570
394,4,1660,570
395,4,1661,569
396,4,1661,568
397,4,1662,567
398,4,1662,566
399,4,1662,565
400,4,1663,564
401,4,1663,564
402,4,1664,563
403,4,1664,562
404,4,1665,562
405,4,1665,561
406,4,1666,560
407,4,1666,560
408,4,1666,560
409,4,1666,559
410,4,1667,558
411,4,1667,557
412,4,1668,557
413,4,1668,556
414,4,1668,555
415,4,1669,555
416,4,1669,554
417,4,1670,553
418,4,1670,552
419,4,1670,551
420,4,1671,551
421,4,1671,550
422,4,1672,549
423,4,1672,548
424,4,1673,547
425,4,1674,546
426,4,1674,545
427,4,1674,544
428,4,1675,543
429,4,1675,543
430,4,1676,542
431,4,1676,541
432,4,1677,541
433,4,1678,540
434,4,1678,539
435,4,1678,539
436,4,1679,538
437,4,1679,537
438,4,1680,537
439,4,1680,536
440,4,1681,536
441,4,1681,535
442,4,1681,534
443,4,1682,534
444,4,1682,533
445,4,1683,532
446,4,1683,532
447,4,1684,531
448,4,1684,531
449,4,1684,530
450,4,1685,530
451,4,1685,529
452,4,1685,529
453,4,1685,528
454,4,1685,528
455,4,1685,528
456,4,1685,528
457,4,1685,528
458,4,1684,528
459,4,1684,529
460,4,1684,529
461,4,1684,530
462,4,1684,530
463,4,1684,530
464,4,1684,530
465,4,1684,530
466,4,1685,530
467,4,1685,530
468,4,1685,530
469,4,1686,531
470,4,1687,531
471,4,1688,532
472,4,1688,532
473,4,1688,532
474,4,1689,531
475,4,1689,531
476,4,1689,530
477,4,1689,529
478,4,1690,529
479,4,1690,528
480,4,1691,528
481,4,1691,527
482,4,1691,526
483,4,1691,526
484,4,1691,525
485,4,1691,524
486,4,1691,523
487,4,1691,523
488,4,1690,522
489,4,1690,521
490,4,1691,521
491,4,1691,520
492,4,1692,520
493,4,1693,519
494,4,1694,519
495,4,1695,519
496,4,1695,519
497,4,1696,519
498,4,1697,519
499,4,1698,518
500,4,1698,518
501,4,1699,518
502,4,1700,518
503,4,1701,518
504,4,1701,518
505,4,1702,518
506,4,1703,519
507,4,1703,519
508,4,1704,519
509,4,1705,519
510,4,1705,519
511,4,1706,519
512,4,1707,519
513,4,1708,519
514,4,1708,518
515,4,1708,518
516,4,1708,518
517,4,1708,518
518,4,1709,519
519,4,1709,519
520,4,1709,520
521,4,1710,520
522,4,1710,520
523,4,1710,520
524,4,1711,520
525,4,1711,520
526,4,1711,520
527,4,1712,520
528,4,1712,521
529,4,1712,521
530,4,1713,521
531,4,1713,521
532,4,1714,521
533,4,1715,521
534,4,1715,521
535,4,1715,522
536,4,1715,523
537,4,1715,524
538,4,1715,525
539,4,1715,526
540,4,1715,527
555,4,1716,530
556,4,1717,532
557,4,1718,532
558,4,1718,531
559,4,1719,531
560,4,1719,530
561,4,1719,530
562,4,1719,529
563,4,1720,528
564,4,1720,528
565,4,1721,527
566,4,1722,527
568,4,1722,526
569,4,1723,525
570,4,1723,524
590,5,1724,503
591,5,1724,503
597,6,1327,537
598,6,1327,536
599,6,1327,535
614,7,1712,498
615,7,1712,498
616,7,1711,498
617,7,1710,498
618,7,1709,498
620,7,1708,497
621,7,1707,496
622,7,1706,495
623,7,1704,494
624,7,1704,493
625,7,1703,492
626,7,1703,491
627,7,1703,491
628,7,1703,490
629,7,1702,490
630,7,1702,489
631,7,1701,489
632,7,1701,488
633,7,1700,487
634,7,1700,487
635,7,1700,486
636,7,1700,486
637,7,1700,485
638,7,1699,485
639,7,1699,485
640,7,1699,485
641,7,1699,485
675,8,1692,480
676,8,1692,480
677,8,1692,480
678,8,1692,480
679,8,1692,480
680,8,1692,480
681,8,1692,480
682,8,1692,480
683,8,1692,480
684,8,1692,480
685,8,1692,480
686,8,1692,480
687,8,1692,480
688,8,1692,480
689,8,1692,480
690,8,1692,480
691,8,1692,480
692,8,1692,480
693,8,1692,480
694,8,1692,480
695,8,1692,480
696,8,1692,480
697,8,1692,480
698,8,1692,479
699,8,1692,479
700,8,1692,478
701,8,1692,478
702,8,1692,478
703,8,1692,478
704,8,1692,477
705,8,1692,477
706,8,1692,477
707,8,1692,477
708,8,1692,477
709,8,1692,477
710,8,1692,477
711,8,1692,477
712,8,1692,478
713,8,1692,478
714,8,1692,478
715,8,1692,478
716,8,1692,478
717,8,1692,478
718,8,1692,478
719,8,1692,479
720,8,1692,479
721,8,1692,479
722,8,1692,479
723,8,1692,479
724,8,1692,479
725,8,1692,479
726,8,1692,478
727,8,1692,478
728,8,1692,478
729,8,1692,478
730,8,1692,479
731,8,1692,479
732,8,1692,480
733,8,1692,480
734,8,1692,480
735,8,1692,480
736,8,1692,480
737,8,1692,479
738,8,1692,479
739,8,1692,478
740,8,1692,478
741,8,1692,478
742,8,1692,478
743,8,1692,478
744,8,1692,478
745,8,1692,478
746,8,1692,479
747,8,1692,479
748,8,1692,479
749,8,1692,479
750,8,1692,479
751,8,1692,479
752,8,1692,479
753,8,1692,479
754,8,1692,479
755,8,1692,478
756,8,1692,478
757,8,1692,478
758,8,1692,478
759,8,1692,478
760,8,1692,478
761,8,1692,478
762,8,1692,478
763,8,1692,479
764,8,1692,479
765,8,1691,479
766,8,1691,479
767,8,1690,479
768,8,1690,479
769,8,1690,479
770,8,1690,478
771,8,1690,478
772,8,1690,478
773,8,1690,478
774,8,1691,477
775,8,1691,477
776,8,1691,477
777,8,1691,477
778,8,1691,477
779,8,1691,477
780,8,1691,477
781,8,1691,478
782,8,1691,478
783,8,1690,478
784,8,1690,478
785,8,1690,478
786,8,1690,478
787,8,1690,478
788,8,1690,478
789,8,1690,477
790,8,1690,477
791,8,1691,477
792,8,1691,477
793,8,1691,477
794,8,1691,477
795,8,1691,477
796,8,1691,477
797,8,1691,478
798,8,1691,478
799,8,1690,478
800,8,1690,478
801,8,1690,478
802,8,1690,478
803,8,1690,478
804,8,1690,478
805,8,1690,477
806,8,1690,477
807,8,1691,477
808,8,1691,477
809,8,1691,477
810,8,1691,477
811,8,1691,477
812,8,1691,478
813,8,1691,478
814,8,1690,478
815,8,1691,478
816,8,1691,478
817,8,1692,478
818,8,1692,478
819,8,1692,478
820,8,1692,477
821,8,1692,477
822,8,1692,477
823,8,1692,477
824,8,1691,477
825,8,1691,477
826,8,1691,477
827,8,1691,477
828,8,1691,478
829,8,1691,478
830,8,1691,478
831,8,1691,478
832,8,1692,478
833,8,1692,478
834,8,1692,478
835,8,1692,478
836,8,1692,478
837,8,1692,478
838,8,1692,478
839,8,1692,478
840,8,1691,478
841,8,1691,478
842,8,1691,478
843,8,1691,478
844,8,1691,478
845,8,1691,478
846,8,1691,478
847,8,1691,478
848,8,1692,478
849,8,1692,478
850,8,1692,478
851,8,1692,478
852,8,1692,478
853,8,1692,478
854,8,1692,478
855,8,1691,478
856,8,1691,478
857,8,1691,478
858,8,1691,478
859,8,1691,478
860,8,1691,478
861,8,1691,478
862,8,1691,478
863,8,1692,478
864,8,1692,478
865,8,1692,478
866,8,1692,478
867,8,1692,478
868,8,1692,478
869,8,1692,478
870,8,1692,478
871,8,1692,478
872,8,1692,478
873,8,1692,478
874,8,1692,477
875,8,1692,477
876,8,1692,476
877,8,1692,475
878,8,1692,475
879,8,1693,474
880,8,1693,473
881,8,1693,472
882,8,1694,471
883,8,1694,471
884,8,1694,471
885,8,1695,470
886,8,1695,469
887,8,1695,468
888,8,1695,467
889,8,1696,467
890,8,1696,466
891,8,1696,466
892,8,1696,465
893,8,1696,464
894,8,1696,464
895,8,1696,464
896,8,1696,463
897,8,1695,463
898,8,1695,462
899,8,1695,462
900,8,1695,461
901,8,1695,461
902,8,1695,460
903,8,1695,460
904,8,1695,459
905,8,1696,458
906,8,1696,458
907,8,1696,457
908,8,1697,456
909,8,1698,455
910,8,1698,454
911,8,1698,453
912,8,1699,452
913,8,1699,451
914,8,1699,450
915,8,1700,449
916,8,1700,449
917,8,1700,448
918,8,1700,447
919,8,1700,446
920,8,1700,446
921,8,1700,445
922,8,1700,444
923,8,1699,444
924,8,1699,443
925,8,1699,442
926,8,1700,441
927,8,1700,440
928,8,1701,440
929,8,1701,439
930,8,1701,438
931,8,1701,437
932,8,1702,437
933,8,1702,436
934,8,1702,436
935,8,1702,435
936,8,1703,434
937,8,1703,433
938,8,1704,433
939,8,1704,432
940,8,1705,432
941,8,1705,431
942,8,1705,430
943,8,1706,430
944,8,1707,429
945,8,1707,428
946,8,1708,427
947,8,1708,427
948,8,1708,426
949,8,1709,425
950,8,1710,424
951,8,1710,424
952,8,1711,423
953,8,1711,422
954,8,1711,422
955,8,1712,421
956,8,1712,420
957,8,1713,420
958,8,1714,419
959,8,1714,418
960,8,1714,418
961,8,1715,417
962,8,1715,417
963,8,1715,416
964,8,1716,416
965,8,1716,415
966,8,1716,415
967,8,1717,414
968,8,1717,413
969,8,1718,412
970,8,1718,412
971,8,1719,411
972,8,1719,411
973,8,1720,410
974,8,1720,409
975,8,1721,409
976,8,1721,409
977,8,1722,408
978,8,1722,407
979,8,1722,407
980,8,1723,406
981,8,1723,406
982,8,1723,405
983,8,1724,405
984,8,1724,404
985,8,1725,403
986,8,1725,403
987,8,1725,403
988,8,1726,402
989,8,1726,402
990,8,1726,401
991,8,1727,400
992,8,1727,400
993,8,1728,399
994,8,1728,398
995,8,1729,398
996,8,1729,397
997,8,1730,396
998,8,1730,396
999,8,1731,395
1000,8,1731,394
1001,8,1731,394
1002,8,1732,394
1003,8,1732,393
1004,8,1733,393
1005,8,1733,392
1006,8,1733,391
1007,8,1734,391
1008,8,1734,390
1009,8,1735,389
1010,8,1735,388
1011,8,1736,387
1012,8,1736,386
1013,8,1736,386
1014,8,1736,385
1015,8,1736,385
1016,8,1736,384
1017,8,1736,383
1018,8,1736,382
1019,8,1735,381
1020,8,1735,380
1021,8,1735,379
1022,8,1734,379
1023,8,1734,378
1024,8,1734,377
1025,8,1734,376
1026,8,1733,375
1027,8,1733,375
1028,8,1733,374
1029,8,1733,374
1030,8,1733,373
1031,8,1733,372
1032,8,1732,371
1033,8,1731,370
1034,8,1731,369
1035,8,1730,368
1036,8,1729,367
1037,8,1729,367
1038,8,1729,366
1039,8,1728,366
1040,8,1728,365
1041,8,1728,364
1042,8,1727,364
1043,8,1727,363
1044,8,1726,363
1045,8,1726,362
1046,8,1725,361
1047,8,1725,361
1048,8,1724,360
1049,8,1724,359
1050,8,1723,359
1051,8,1723,358
1052,8,1723,357
1053,8,1723,356
1054,8,1723,356
1055,8,1723,356
1056,8,1723,355
1057,8,1722,355
1058,8,1722,354
1059,8,1722,354
1060,8,1722,353
1061,8,1722,353
1062,8,1721,353
1063,8,1721,352
1064,8,1721,352
1065,8,1721,352
1066,8,1721,351
1067,8,1721,351
1068,8,1721,350
1069,8,1721,349
1070,8,1721,349
1071,8,1720,348
1072,8,1720,347
1073,8,1719,347
1074,8,1719,346
1075,8,1719,345
1076,8,1719,344
1077,8,1719,344
1078,8,1718,343
1079,8,1718,342
1080,8,1718,342
1081,8,1718,341
1082,8,1718,340
1083,8,1718,340
1084,8,1717,339
1085,8,1716,339
1086,8,1716,338
1087,8,1716,337
1088,8,1716,336
1089,8,1716,336
1090,8,1716,335
1091,8,1716,334
1092,8,1716,333
1093,8,1715,332
1094,8,1715,331
1095,8,1714,331
1096,8,1714,330
1097,8,1714,330
1098,8,1713,329
1099,8,1713,329
1100,8,1713,328
1101,8,1713,327
1102,8,1713,327
1103,8,1713,326
1104,8,1712,326
1105,8,1712,325
1106,8,1712,325
1107,8,1712,324
1108,8,1712,324
1109,8,1712,323
1110,8,1712,322
1111,8,1712,321
1112,8,1711,321
1113,8,1711,320
1114,8,1711,319
1115,8,1710,318
1116,8,1710,317
1117,8,1710,316
1118,8,1710,316
1119,8,1709,315
1120,8,1709,314
1121,8,1709,313
1122,8,1708,312
1123,8,1708,312
1124,8,1708,312
1125,8,1708,311
1126,8,1708,310
1127,8,1708,310
1128,8,1707,309
1129,8,1706,308
1130,8,1706,308
1131,8,1706,307
1132,8,1706,307
1133,8,1705,306
1134,8,1705,305
1135,8,1705,304
1136,8,1705,303
1137,8,1705,303
1138,8,1705,302
1139,8,1705,302
1140,8,1704,301
1141,8,1704,300
1142,8,1704,300
1143,8,1703,299
1144,8,1703,298
1145,8,1702,298
1146,8,1702,297
1147,8,1701,296
1148,8,1701,295
1149,8,1701,295
1150,8,1700,294
1151,8,1700,294
1152,8,1700,293
1153,8,1699,292
1154,8,1699,291
1155,8,1699,291
1156,8,1698,290
1157,8,1698,290
1158,8,1698,290
1159,8,1698,289
1160,8,1697,288
1161,8,1697,288
1162,8,1697,287
1163,8,1696,287
1164,8,1696,286
1165,8,1695,286
1166,8,1695,285
1167,8,1694,284
1168,8,1694,284
1169,8,1693,284
1170,8,1693,283
1171,8,1693,283
1172,8,1693,283
1173,8,1693,282
1174,8,1693,282
1175,8,1693,282
1176,8,1693,282
1177,8,1694,282
1178,8,1694,282
1179,8,1694,282
1180,8,1694,281
1181,8,1694,281
1182,8,1694,281
1183,8,1694,281
1184,8,1693,281
1185,8,1693,281
1186,8,1693,281
1187,8,1693,280
1188,8,1693,280
1189,8,1693,279
1190,8,1692,279
1191,8,1692,279
1192,8,1692,278
1193,8,1692,278
1194,8,1691,278
1195,8,1691,278
1196,8,1690,278
1197,8,1689,278
1198,8,1689,278
1199,8,1688,278
1200,8,1687,279
1201,8,1686,279
1202,8,1686,279
1203,8,1685,279
1204,8,1684,279
1205,8,1683,279
1206,8,1682,279
1207,8,1681,279
1208,8,1680,278
1209,8,1680,278
1210,8,1679,278
1211,8,1678,278
1212,8,1678,278
1213,8,1677,278
1214,8,1676,278
1215,8,1676,278
1216,8,1675,277
1217,8,1674,277
1218,8,1673,277
1219,8,1672,278
1220,8,1671,278
1221,8,1670,279
1222,8,1669,279
1223,8,1669,279
1224,8,1668,280
1225,8,1667,280
1226,8,1667,280
1227,8,1666,280
1228,8,1665,280
1229,8,1665,280
1230,8,1664,281
1231,8,1663,281
1232,8,1663,281
1233,8,1662,281
1234,8,1661,281
1235,8,1661,281
1236,8,1661,281
1237,8,1661,282
1238,8,1660,282
1239,8,1660,283
1240,8,1660,283
1241,8,1661,283
1242,8,1661,283
1243,8,1662,283
1244,8,1662,283
1245,8,1662,283
1246,8,1662,283
1247,8,1662,284
1248,8,1662,284
1249,8,1662,284
1250,8,1662,285
1251,8,1663,285
1252,8,1663,285
1253,8,1663,285
1254,8,1663,285
1255,8,1663,285
1256,8,1663,286
1257,8,1663,286
1258,8,1662,287
1259,8,1662,287
1260,8,1662,287
1261,8,1662,287
1262,8,1662,287
1263,8,1662,288
1264,8,1662,288
1265,8,1662,288
1266,8,1663,288
1267,8,1663,288
1268,8,1663,288
1269,8,1663,288
1270,8,1663,288
1292,8,1663,289
1293,8,1663,289
1294,8,1663,290
1295,8,1664,290
1296,8,1663,290
1297,8,1663,290
1298,8,1662,289
1299,8,1662,289
1300,8,1662,288
1301,8,1662,288
1302,8,1662,288
1303,8,1662,288
1304,8,1662,288
1305,8,1662,288
1306,8,1663,288
1307,8,1663,288
1308,8,1663,287
1309,8,1662,287
1310,8,1662,287
1311,8,1661,287
1312,8,1661,287
1313,8,1660,287
1314,8,1660,287
1315,8,1660,287
1316,8,1660,287
1317,8,1660,286
1318,8,1659,286
1319,8,1659,286
1320,8,1659,286
1321,8,1659,286
1322,8,1659,286
1323,8,1659,286
1324,8,1659,287
1325,8,1659,287
1326,8,1658,287
1327,8,1658,287
1328,8,1658,287
1329,8,1657,287
1330,8,1657,287
1331,8,1657,287
1332,8,1657,286
1333,8,1657,286
1334,8,1657,286
1335,8,1656,285
1336,8,1656,285
1337,8,1656,285
1338,8,1656,286
1339,8,1656,286
1340,8,1655,287
1341,8,1655,287
1342,8,1655,287
1343,8,1655,287
1344,8,1655,288
1345,8,1654,288
1346,8,1653,288
1347,8,1653,289
1348,8,1652,289
1349,8,1652,289
1350,8,1651,289
1351,8,1650,290
1352,8,1649,290
1353,8,1649,290
1354,8,1648,290
1355,8,1647,290
1356,8,1647,290
1357,8,1646,290
1358,8,1646,291
1359,8,1645,291
1360,8,1644,291
1361,8,1644,292
1362,8,1643,292
1363,8,1643,292
1364,8,1642,292
1365,8,1641,293
1366,8,1641,293
1367,8,1641,293
1368,8,1640,293
1369,8,1640,293
1370,8,1640,293
1371,8,1639,293
1372,8,1639,293
1373,8,1639,292
1374,8,1639,292
1375,8,1638,292
1376,8,1638,292
1377,8,1638,292
1378,8,1638,293
1379,8,1638,293
1380,8,1638,294
1381,8,1638,294
1382,8,1638,294
1383,8,1637,294
1384,8,1637,294
1385,8,1637,294
1386,8,1637,294
1387,8,1637,294
1388,8,1637,293
1389,8,1637,293
1390,8,1637,293
1391,8,1637,293
1392,8,1636,293
1393,8,1636,293
1394,8,1636,292
1395,8,1636,292
1396,8,1636,292
1397,8,1636,292
1398,8,1635,292
1399,8,1635,292
1400,8,1636,291
1401,8,1636,291
1402,8,1637,291
1403,8,1637,292
1404,8,1636,292
1405,8,1636,292
1406,8,1635,292
1407,8,1635,291
1408,8,1635,291
1409,8,1635,291
1410,8,1635,291
1411,8,1635,291
1412,8,1635,290
1413,8,1635,290
1414,8,1635,291
1415,8,1634,291
1416,8,1633,292
1417,8,1633,292
1418,8,1633,292
1419,8,1632,292
1420,8,1632,292
1421,8,1632,292
1422,8,1632,292
1423,8,1631,291
1424,8,1631,291
1425,8,1630,291
1426,8,1630,291
1427,8,1629,290
1428,8,1628,290
1429,8,1627,290
1430,8,1626,290
1431,8,1625,290
1432,8,1625,290
1433,8,1625,290
1434,8,1625,291
1435,8,1624,291
1436,8,1624,291
1437,8,1624,291
1438,8,1623,291
1439,8,1623,291
1440,8,1622,291
1441,8,1622,290
1442,8,1621,290
1443,8,1620,289
1444,8,1620,290
1445,8,1619,290
1446,8,1618,291
1447,8,1617,291
1448,8,1616,292
1449,8,1615,292
1450,8,1615,292
1451,8,1614,292
1452,8,1613,293
1453,8,1613,293
1454,8,1612,294
1455,8,1612,294
1456,8,1611,295
1457,8,1611,295
1458,8,1610,295
1459,8,1609,296
1460,8,1609,297
1461,8,1608,298
1462,8,1608,298
1463,8,1608,298
1464,8,1608,299
1465,8,1608,299
1466,8,1608,299
1467,8,1608,299
1468,8,1609,299
1469,8,1609,299
1470,8,1609,299
1471,8,1609,299
1472,8,1609,298
1473,8,1609,298
1474,8,1609,298
1475,8,1609,298
1476,8,1608,298
1477,8,1608,298
1478,8,1608,298
1479,8,1608,299
1480,8,1608,299
1481,8,1608,299
1482,8,1608,299
1483,8,1608,299
1484,8,1609,298
1485,8,1609,298
1486,8,1608,297
1487,8,1608,297
1488,8,1607,297
1489,8,1607,296
1490,8,1607,296
1491,8,1607,296
1492,8,1607,296
1493,8,1607,295
1494,8,1607,295
1495,8,1608,295
1496,8,1608,295
1497,8,1608,295
1498,8,1608,295
1499,8,1608,295
1500,8,1608,295
1501,8,1608,296
1502,8,1608,296
1503,8,1607,296
1504,8,1607,296
1505,8,1607,296
1506,8,1607,296
1507,8,1607,296
1514,8,1607,296
1515,8,1607,296
1516,8,1607,297
1517,8,1608,297
1518,8,1608,297
1519,8,1608,297
1520,8,1608,298
1521,8,1608,298
1169,9,1380,470
1170,9,1380,470
1171,9,1380,470
1172,9,1380,470
1173,9,1380,470
1287,10,1392,366
1288,10,1392,365
1289,10,1392,364
1290,10,1392,363
1291,10,1392,363
1292,10,1391,363
1293,10,1391,363
1294,10,1390,363
1295,10,1390,363
1296,10,1390,363
1297,10,1390,363
1298,10,1390,364
1299,10,1390,364
1300,10,1390,364
1301,10,1391,364
1302,10,1391,364
1303,10,1391,364
1304,10,1391,363
1305,10,1391,363
1306,10,1391,362
1307,10,1391,362
1308,10,1391,362
1309,10,1390,362
1310,10,1390,362
1311,10,1390,362
1312,10,1390,361
1313,10,1390,361
1314,10,1390,361
1315,10,1390,361
1316,10,1390,361
1317,10,1389,361
1318,10,1389,361
1303,11,1653,282
1304,11,1653,282
1305,11,1653,282
1306,11,1652,282
1307,11,1651,282
1308,11,1651,282
1309,11,1651,282
1310,11,1650,282
1311,11,1649,282
1312,11,1649,282
1313,11,1648,282
1314,11,1647,282
1315,11,1647,282
1316,11,1646,283
1317,11,1645,283
1318,11,1645,283
1319,11,1644,284
1320,11,1643,284
1321,11,1643,284
1322,11,1642,284
1323,11,1642,284
1324,11,1642,284
1325,11,1641,284
1326,11,1641,284
1327,11,1640,284
1328,11,1640,285
1329,11,1640,285
1330,11,1639,286
1331,11,1638,286
1332,11,1637,287
1333,11,1636,287
1334,11,1636,288
1335,11,1636,288
1336,11,1635,288
1337,11,1635,288
1338,11,1634,289
1339,11,1633,289
1340,11,1633,289
1341,11,1632,289
1342,11,1632,289
1343,11,1631,289
1344,11,1631,289
1345,11,1631,289
1346,11,1630,288
1347,11,1630,288
1348,11,1630,288
1349,11,1630,288
1350,11,1630,288
1351,11,1630,288
1352,11,1629,288
1353,11,1629,288
1354,11,1629,288
1355,11,1628,287
1356,11,1628,287
1357,11,1627,287
1358,11,1627,287
1359,11,1626,287
1360,11,1626,288
1361,11,1625,288
1362,11,1625,289
1363,11,1625,289
1364,11,1625,289
1365,11,1624,289
1366,11,1624,289
1367,11,1623,289
1368,11,1623,290
1369,11,1622,290
1370,11,1622,290
1371,11,1621,290
1372,11,1621,290
1373,11,1620,290
1374,11,1620,291
1375,11,1619,291
1376,11,1618,291
1377,11,1617,291
1378,11,1616,291
1379,11,1615,291
1380,11,1614,291
1381,11,1613,292
1382,11,1613,292
1383,11,1612,292
1384,11,1611,292
1385,11,1610,292
1386,11,1609,293
1387,11,1608,293
1388,11,1607,293
1389,11,1607,293
1390,11,1606,293
1391,11,1605,293
1392,11,1604,293
1393,11,1603,292
1394,11,1602,292
1395,11,1601,293
1396,11,1601,293
1397,11,1601,294
1398,11,1600,294
1399,11,1599,294
1400,11,1598,294
1401,11,1598,294
1402,11,1597,294
1403,11,1596,294
1404,11,1596,293
1405,11,1595,293
1406,11,1594,293
1407,11,1593,294
1408,11,1593,294
1409,11,1592,295
1410,11,1592,295
1411,11,1591,295
1412,11,1590,295
1413,11,1590,295
1414,11,1589,295
1415,11,1588,295
1416,11,1588,294
1417,11,1587,294
1418,11,1586,294
1419,11,1586,294
1420,11,1585,294
1421,11,1585,294
1422,11,1584,294
1423,11,1584,294
1424,11,1583,295
1425,11,1582,295
1426,11,1582,295
1427,11,1581,295
1428,11,1581,295
1429,11,1580,295
1430,11,1580,295
1431,11,1579,295
1432,11,1579,295
1433,11,1579,296
1434,11,1579,296
1435,11,1578,296
1436,11,1578,297
1437,11,1578,297
1438,11,1577,297
1439,11,1577,298
1440,11,1577,298
1441,11,1577,298
1442,11,1576,299
1443,11,1576,299
1444,11,1576,299
1445,11,1576,300
1446,11,1576,300
1447,11,1576,301
1448,11,1576,301
1449,11,1576,301
1450,11,1577,301
1451,11,1577,301
1452,11,1577,301
1453,11,1577,301
1454,11,1577,301
1455,11,1577,300
1456,11,1577,300
1457,11,1577,300
1458,11,1576,299
1459,11,1576,299
1460,11,1575,299
1461,11,1574,299
1462,11,1574,299
1463,11,1573,299
1464,11,1573,299
1465,11,1572,300
1466,11,1572,300
1467,11,1571,300
1468,11,1570,301
1469,11,1569,302
1470,11,1569,302
1471,11,1568,302
1472,11,1568,302
1473,11,1567,302
1474,11,1566,302
1475,11,1565,302
1476,11,1565,302
1477,11,1564,302
1478,11,1564,303
1479,11,1563,303
1480,11,1562,303
1481,11,1562,303
1482,11,1561,303
1483,11,1561,303
1484,11,1560,304
1485,11,1560,304
1486,11,1560,304
1487,11,1560,305
1488,11,1560,305
1489,11,1560,305
1490,11,1560,304
1491,11,1560,304
1492,11,1561,303
1493,11,1561,303
1494,11,1561,303
1495,11,1561,302
1496,11,1561,301
1497,11,1562,300
1498,11,1562,300
1499,11,1562,299
1500,11,1562,298
1501,11,1562,298
1502,11,1562,297
1503,11,1562,297
1504,11,1561,297
1505,11,1561,297
1506,11,1560,297
1507,11,1561,297
1508,11,1561,297
1509,11,1562,298
1510,11,1562,298
1511,11,1563,298
1512,11,1563,298
1513,11,1563,298
1514,11,1563,298
1515,11,1563,297
1516,11,1564,297
1517,11,1564,296
1518,11,1564,297
1519,11,1564,297
1520,11,1564,298
1521,11,1564,298
1522,11,1563,298
1523,11,1563,299
1524,11,1562,299
1525,11,1562,299
1526,11,1562,300
1527,11,1562,300
1528,11,1561,301
1529,11,1561,301
1530,11,1561,301
1531,11,1561,302
1532,11,1561,302
1533,11,1561,303
1534,11,1560,303
1535,11,1560,304
1536,11,1561,304
1537,11,1561,304
1538,11,1562,305
1539,11,1562,305
1540,11,1562,305
